Center,Phone number,Days,Hours,Full Address,Latitude,Longitude
Vinegar Hill Food Pantry,(908) 403-5755,Tue,12 PM - 1 PM,"228 York St, Brooklyn, NY 11201",40.700687,-73.981393
Alliance Tabernacle Of Clarendon Road Church,(718) 469-9251,Fri,12 PM - 2 PM,"3304 Clarendon Rd, Brooklyn, NY 11203",40.643277,-73.945493
"Beyond Walls, Inc",(347) 406-5878,Tue,1:30 PM - 3 PM,"188 E 53rd St, Brooklyn, NY 11203",40.655302,-73.928006
Brooklyn Faith Seventh Day Adventist Church,(718) 342-6712,Thu,1 PM - 4 PM,"5518 Church Ave, Brooklyn, NY 11203",40.652374,-73.924917
Christian Fellowship Seventh Day Adventist Community Svcs-F.P,(718) 916-0956,Wed,10:30 AM - 12:30 PM,"777 Schenectady Ave, Brooklyn, NY 11203",40.654383,-73.933429
God'S Battalion Of Prayer Church,(718) 774-5447,"Tue, Thu",9 AM - 12 PM,"661 Linden Blvd, Brooklyn, NY 11203",40.653832,-73.933806
Mount Carmel Worship And Outreach Center,(917) 982-7987,Mon,12 PM - 2 PM,"784 E 46th St, Brooklyn, NY 11203",40.642164,-73.933388
Peniel Seventh Day Adventist Church,(518) 652-3246,Fri,10 AM - 12 PM,"1210 Utica Ave, Brooklyn, NY 11203",40.643054,-73.929757
St. Therese Of Lisieux R.C. Church,(718) 451-0683,Tue,10:30 AM - 12:30 PM,"4410 Ave D, Brooklyn, NY 11203",40.64169,-73.934436
The City Of Grace Inc,(718) 693-7074,Tue,11 AM - 1 PM,"3402 Tilden Ave, Brooklyn, NY 11203",40.646948,-73.945096
Muna Social Service East Flatbush,(212) 920-6202,Mon,5 PM - 6 PM,"167 E 43rd St, Brooklyn, NY 11203",40.651892,-73.937045
Shalom Senior Center,(718) 774-9213,Mon-Thu/Fri,1-2PM/12-1PM,"483 Albany Ave, Brooklyn, NY 11203",40.663361,-73.939835
Brooklyn Faith Sda Church,(718) 342-6712,Fri,12 PM - 3 PM,"5518 Church Ave, Brooklyn, NY 11203",40.652374,-73.924917
Christian Fellowship Seventh Day Adventist Community Svcs-S.K,(718) 916-0956,"Mon, Tue, Wed",5 PM - 6 PM,"777 Schenectady Ave, Brooklyn, NY 11203",40.654383,-73.933429
United Community Baptist Church,(718) 467-7708,Sat,10 AM - 12 PM,"545 Utica Ave, Brooklyn, NY 11203",40.660191,-73.931062
Reaching-Out Community Services Inc,(718) 373-4565,Mon-Fri,9 AM - 5 PM,"6417 18th Ave, Brooklyn, NY 11204",40.619287,-73.989838
St. Athanasius R.C. Church Fp,(718) 236-0124,Mon,3:15 PM - 5 PM,"2154 61st St, Brooklyn, NY 11204",40.616531,-73.979953
Payo Mobile Food Pantry,(718) 713-2000,Fri,1:30 PM - 2:30 PM,"2483 65th St, Brooklyn, NY 11204",40.610009,-73.974752
Celestial Church Of Christ Ileri Parish,(718) 624-8758,Sat,12 PM - 3 PM,"138 Waverly Ave, Brooklyn, NY 11205",40.693704,-73.968064
Compassion House Community Development Corporation,(718) 386-8151,Thu,9 AM - 11:30 AM,"43 George St, Brooklyn, NY 11206",40.701438,-73.931592
Solid Rock Baptist Church,(718) 384-8764,"Mon, Thu",9 AM - 12 PM,"120 Tompkins Ave, Brooklyn, NY 11206",40.69515,-73.946407
St. Stephen Outreach Community Development Corporation,(718) 938-4532,"Wed, Fri",9 AM - 10:30 AM,"874 Myrtle Ave, Brooklyn, NY 11206",40.695509,-73.947117
Trinity Human Service Corporation,(718) 388-3176,Tue-Fri,9AM-12PM&1-4PM,"153 Johnson Ave, Brooklyn, NY 11206",40.706605,-73.944126
City Harvest - Bed-Stuy Mobile Market,(646) 412-0740,"Wed, Sat",9:30 AM - 11:30 AM,"736 Park Ave, Brooklyn, NY 11206",40.697754,-73.946093
St. Stephen Outreach Community Development Corporation,(718) 938-4532,Wed-Fri,11 AM - 1 PM,"874 Myrtle Ave, Brooklyn, NY 11206",40.695509,-73.947117
Bethlem Nation'S Food Pantry,(718) 257-8300,Sat,10 AM - 12 PM,"1962 Linden Blvd, Brooklyn, NY 11207",40.658848,-73.88933
Ccns-St. Michael/ St. Malachy,(347) 957-2450,Fri,9:30 AM - 11:30 AM,"286 Warwick St, Brooklyn, NY 11207",40.67649,-73.886844
Christian Cultural Center,(718) 306-1021,"Wed, Thus",9:30 AM - 12 PM,"12020 Flatlands Ave, Brooklyn, NY 11207",40.651153,-73.888607
Church Of God Prophecy,(718) 649-5533,Tue,3:30 PM - 6 PM,"71 Malta St, Brooklyn, NY 11207",40.659009,-73.895095
Cornerstone Seventh Day Adventist Church,(917) 915-6769,Thu,10 AM - 12 PM,"138 Pennsylvania Ave, Brooklyn, NY 11207",40.674529,-73.896743
East New York Wesleyan Church/New Hope Family Worship Cent,(718) 342-1305,Sat,11 AM - 1 PM,"817 Livonia Ave, Brooklyn, NY 11207",40.665996,-73.886518
Family Service Network Of N.Y. Inc,(718) 455-6010,"Mon, Wed",9 AM - 1 PM,"1420 Bushwick Ave, Brooklyn, NY 11207",40.68413,-73.909223
Hope Empowerment And Development Zone Food Pantry,(718) 568-7072,Sat,12 PM - 4 PM,"369 New Lots Ave, Brooklyn, NY 11207",40.661754,-73.893593
House Of David Worship Center,(718) 649-5982,Wed,10:30 AM - 12:30 PM,"747 Hendrix St, Brooklyn, NY 11207",40.663154,-73.886325
Icl And Chn Food Pantry,(718) 495-6700,Wed,1 PM - 4 PM,"2581 Atlantic Ave, Brooklyn, NY 11207",40.676162,-73.899043
Mt. Hebron Church Of Christ,(347) 454-4915,Thu,11:30 AM - 1 PM,"905 Sutter Ave, Brooklyn, NY 11207",40.671011,-73.884983
Mylah'S Organization Inc,NONE PROVIDED,"Tue, Thu",10:30 AM - 1 PM,"447 New Lots Ave, Brooklyn, NY 11207",40.66281,-73.891193
Muna Social Service An-Namirah,(212) 920-6202,Mon,2 PM - 3 PM,"2135 Pitkin Ave, Brooklyn, NY 11207",40.672361,-73.893611
Church Of God Prophecy,(718) 649-5533,Tue,3:30 PM - 6 PM,"71 Malta St, Brooklyn, NY 11207",40.659009,-73.895095
Cornerstone Seventh Day Adventist Church,(917) 915-6769,Sun,11:30 AM - 1 PM,"138 Pennsylvania Ave, Brooklyn, NY 11207",40.674529,-73.896743
Blessed Sacrament Church (Bklyn),(718) 827-1200,Wed,9:30 AM - 11:30 AM,"198 Euclid Ave, Brooklyn, NY 11208",40.683681,-73.874456
City Of Refuge Fp,(929) 289-2267,Wed,9:30 AM - 12 PM,"1115 Blake Ave, Brooklyn, NY 11208",40.670631,-73.876699
East New York Seventh Day Adventist Church,(718) 557-9802,Thu,11 AM - 2 PM,"511 Elton St, Brooklyn, NY 11208",40.670395,-73.882428
Isaiah'S Temple Of Mt. Hope,(718) 277-4038,Thu,2 PM - 4 PM,"862 Glenmore Ave, Brooklyn, NY 11208",40.675714,-73.878186
Las Maravillas Del Exodo,(347) 691-8340,Wed,9 AM - 11 AM,"302 Elton St, Brooklyn, NY 11208",40.675856,-73.884052
Open Door To Heaven Outreach Ministry Inc,(347) 822-0714,Sat,1 PM - 2 PM,"474 Shepherd Ave, Brooklyn, NY 11208",40.672655,-73.88057
Presbyterian Church Of The Crossroads,(718) 657-8404,Wed,10 AM - 12 PM,"133 Elton St, Brooklyn, NY 11208",40.68054,-73.884693
"Second St. Paul Church Of Christ, Disciple Of Christ, Inc",(718) 235-8922,Sat,8 AM - 10 AM,"1048 Sutter Ave, Brooklyn, NY 11208",40.671518,-73.880002
Ymca Community Market-North Brooklyn Ymca,(212) 912-2230,Tue,12 PM - 5 PM,"570 Jamaica Ave, Brooklyn, NY 11208",40.684994,-73.882741
Muna Social Service Inc,(212) 920-6202,Wed,3 PM - 5 PM,"1033 Glenmore Ave, Brooklyn, NY 11208",40.676866,-73.871826
Isaiah'S Temple Of Mt. Hope,(718) 277-4038,"Tue, Thu",2 PM - 4 PM,"862 Glenmore Ave, Brooklyn, NY 11208",40.675714,-73.878186
Brcdc Food Program,(347) 560-6700,Sat,11 AM - 2 PM,"9818 Ft Hamilton Pkwy, Brooklyn, NY 11209",40.61284,-74.031331
Our Lady Of Angels Human Services,(718) 726-9790,Wed,9:30AM-12PM&1:30-3PM,"336 73rd St, Brooklyn, NY 11209",40.632452,-74.026148
Admirable Church Inc,(347) 779-7192,Sat,10 AM - 12 PM,"1910 Flatbush Ave, Brooklyn, NY 11210",40.623151,-73.937678
Community Care Food Pantry,(917) 304-3406,Sat,11 AM - 2:30 PM,"1387 E 37th St, Brooklyn, NY 11210",40.622198,-73.939098
Lifebridge Ny,(718) 233-5004,Wed,5 PM - 7 PM,"1895 Flatbush Ave, Brooklyn, NY 11210",40.623501,-73.937545
Our Lady Of Refuge R.C. Church,(718) 434-2090,Wed,10 AM - 1 PM,"2020 Foster Ave, Brooklyn, NY 11210",40.636501,-73.957711
Treasures In Earthen Jars Food Pantry,(718) 308-9147,Sat,1 PM - 3 PM,"4124 Ave H, Brooklyn, NY 11210",40.63224,-73.936284
Evangelical Crusade Food Pantry,(718) 734-7250,Wed,2 PM - 4 PM,"557 E 31st St, Brooklyn, NY 11210",40.637302,-73.947014
Flatbush Community Fund,(718) 850-3545,"Tue, Wed",12 PM - 3 PM,"1860 Flatbush Ave, Brooklyn, NY 11210",40.624301,-73.938892
"Southside United H.D.F.C., Inc - Los Sures",(718) 599-1940,Tue,9 AM - 12 PM,"145 S 3rd St, Brooklyn, NY 11211",40.712455,-73.96154
Transfiguration Church,(718) 782-8181,"Tue, Wed",9 AM - 12 PM,", Marcy, NY 13403",43.172019,-75.27371
Bethany Gospel Chapel Inc,(718) 929-1234,Sat,6:30 AM - 7:30 AM,"521 Thomas S Boyland St, Brooklyn, NY 11212",40.668106,-73.913053
Brownsville Temple Seventh Day Adventist Church,(929) 944-2520,Sun,11 AM - 1 PM,"1089 Clarkson Ave, Brooklyn, NY 11212",40.659961,-73.922167
Church Of God Inc.,(718) 493-3031,Sat,12 PM - 1 PM,"1011 Winthrop St, Brooklyn, NY 11212",40.660232,-73.926076
Ebenezer Seventh Day Adventist Church,(718) 879-0542,Wed,10:30 AM - 12 PM,"1234 E New York Ave, Brooklyn, NY 11212",40.667489,-73.921239
Hope Center Development Corporation,(718) 385-1043,Sat,11 AM - 1:30 PM,"414 E 95th St, Brooklyn, NY 11212",40.657045,-73.918623
Little Jerusalem House Of Prayer,(718) 922-7446,Sat,1 PM - 2 PM,"447 Herzl St, Brooklyn, NY 11212",40.658942,-73.912706
New Life Seventh Day Adventist Church,(718) 385-0463,Mon/Tue/Sun,5-7PM/6-8PM/8-10AM,"88 Thomas St, New York, NY 10013",40.717395,-74.008705
Peoples Baptist Church,(718) 676-0318,Sat,12 PM - 2 PM,"105 Riverdale Ave, Brooklyn, NY 11212",40.660521,-73.912857
Urban Strategies Inc,(718) 346-2539,Tue,8 AM - 10 AM,"61 Riverdale Ave, Brooklyn, NY 11212",40.660263,-73.914421
World For Christ Food Services,(347) 249-8928,Sat,10 AM - 12 PM,"874 Clarkson Ave, Brooklyn, NY 11203",40.656628,-73.929184
Hope Center Development Corporation,(718) 385-1043,Sat,11 AM - 1:30 PM,"409 E 95th St, Brooklyn, NY 11212",40.657194,-73.918447
Better Community Food Pantry,(347) 240-9352,Sat,9 AM - 1 PM,"218 Buffalo Ave, Brooklyn, NY 11213",40.671669,-73.925426
Louisea Maze Emile Community Service,(347) 639-3165,Fri,10 AM - 12 PM,"1757 President St, Brooklyn, NY 11213",40.667042,-73.928775
The Church Of St. Mark,(718) 756-6607,Fri,11:30 AM - 1:30 PM,"1417 Union St, Brooklyn, NY 11213",40.668744,-73.944656
Crown Heights Jewish Community Council,(718) 771-9000,Wed,1:30 PM - 3 PM,"899 Montgomery St, Brooklyn, NY 11213",40.664641,-73.934788
Nat'L Comm. For Futh. Of Jewish Ed.(Uc),(718) 735-0200,Fri,12 PM - 1 PM,"824 Eastern Pkwy, Brooklyn, NY 11213",40.668965,-73.941025
Bethany United Methodist Church,(718) 774-5689,Tue/ Thu,12:30-2:30PM/5-7PM,"1208 St Johns Pl, Brooklyn, NY 11213",40.670745,-73.938264
Health Essential Association Cpmm,(646) 515-6898,Thu,10 AM - 12 PM,"2336 86th St, Brooklyn, NY 11214",40.599879,-73.990744
We Create Community Food Pantry,(347) 409-5414,Thu,10:30 AM - 11:30 AM,"8501 New Utrecht Ave, Brooklyn, NY 11214",40.607236,-74.001487
Bensonhurst Council Of Jewish Organizations,(718) 333-1834,Tue,10 AM - 4 PM,"8635 21st Ave, Brooklyn, NY 11214",40.602604,-73.996505
Al-Madinah School Inc,(718) 222-4986,Fri,12:30 PM - 2:30 PM,"383 3rd Ave, Brooklyn, NY 11215",40.674228,-73.988547
Camp Friendship Food Pantry In Park Slope,(718) 965-3695,Sat,9 AM - 12 PM,"339 8th St, Brooklyn, NY 11215",40.66898,-73.983852
Bedford Central Presbyterian Church,(718) 467-0740,Thu,10:30 AM - 2:30 PM,"1200 Dean St, Brooklyn, NY 11216",40.676729,-73.949584
Beulah Church Of God In Christ Jesus,(718) 636-8500,"Tue, Thu",10:30 AM - 1 PM,"956 Marcy Ave, Brooklyn, NY 11216",40.680626,-73.946439
Family Life Development Center,(718) 636-4938,Mon,4 PM - 6 PM,"1476 Bedford Ave, Brooklyn, NY 11216",40.672925,-73.954427
Hebron Seventh Day Adventist Church,(718) 778-6454,Wed,10 AM - 1 PM,"1256 Dean St, Brooklyn, NY 11216",40.676647,-73.947688
Newman Memorial United Methodist Church Community Developm,(718) 622-7955,Sat,10 AM - 2 PM,"257 Macon St, Brooklyn, NY 11216",40.682197,-73.941018
Siloam Presbyterian Church Food Pantry,(718) 789-7050,Wed,10 AM - 12 PM,"260 Jefferson Ave, Brooklyn, NY 11216",40.683479,-73.947306
St. George'S Episcopal Church Food Pantry,(718) 789-6036,Fri,10 AM - 2 PM,"800 Marcy Ave, Brooklyn, NY 11216",40.68634,-73.947586
The Salvation Army Bedford Temple Corps,(718) 622-0614,Wed,10 AM - 12 PM,"601 Lafayette Ave, Brooklyn, NY 11216",40.690102,-73.950437
The Temple Of Restoration Ttor Food Pantry,(646) 863-4239,"Thu, Thu/Sat",10AM-4PM/10AM-1PM,"18 Herkimer Pl, Brooklyn, NY 11216",40.678995,-73.951582
Muna Social Service Downtown Brooklyn,(212) 920-6202,Mon,4 PM - 5 PM,"50 New York Ave, Brooklyn, NY 11216",40.678597,-73.94706
Hebron Seventh Day Adventist Church,(718) 778-6454,Sun,12:30 PM - 2 PM,"1256 Dean St, Brooklyn, NY 11216",40.676647,-73.947688
Newman Memorial United Church Community Development Corp.,(718) 622-7955,Sat,10 AM - 2 PM,"257 Macon St, Brooklyn, NY 11216",40.682197,-73.941018
St. George'S Episcopal Church,(718) 789-6036,Tue-Thu,12:30 PM - 2 PM,"800 Marcy Ave, Brooklyn, NY 11216",40.68634,-73.947586
Community Help In Park Slope,(718) 237-2962,"Thu, Sat",11:30 AM - 1 PM,"200 4th Ave, Brooklyn, NY 11217",40.678294,-73.982715
Hanson Place Seventh Day Adventist Church,(718) 230-0229,Thu,1:30 PM - 5 PM,"88 Hanson Pl, Brooklyn, NY 11217",40.685433,-73.974032
Immanuel First Spanish United Methodist Church,(718) 624-3300,Tue,1 PM - 2:45 PM,"424 Dean St, Brooklyn, NY 11217",40.682224,-73.977172
Next Step Community Church,(718) 875-1858,Sat,9 AM - 10:30 AM,"360 Schermerhorn St, Brooklyn, NY 11217",40.686641,-73.980235
South Bklyn Seventh Day Adventist Church Community Service P,(718) 783-1662,Sun,11 AM - 2 PM,"42 Prospect Pl, Brooklyn, NY 11217",40.679697,-73.976556
Community Help In Park Slope Inc,(718) 237-2962,Mon-Sat,9-10:30AM&11:30AM-1PM,"200 4th Ave, Brooklyn, NY 11217",40.678294,-73.982715
Next Step Community Church,(718) 875-1858,"M, Tue, Wed",9 AM - 10 AM,"360 Schermerhorn St, Brooklyn, NY 11217",40.686641,-73.980235
Christ Apostolic Church Goke Food Pantry,(347) 337-4167,Tue/Sat,2-4PM/9AM-1PM,"622 Cortelyou Rd, Brooklyn, NY 11218",40.638495,-73.972157
"Paswo (Pakistani American Skilled Women Organization, Inc)",(929) 527-6842,Wed,1 PM - 2 PM,"930 Ditmas Ave, Brooklyn, NY 11218",40.636494,-73.968351
Muna Social Service Brooklyn Islamic Center,(212) 920-6202,Mon,3 PM - 4 PM,"722 Church Ave, Brooklyn, NY 11218",40.645547,-73.972472
Met Council Brooklyn Hub,NONE PROVIDED,"Wed, Thu",12:30 - 4:30,"1271 60th St, Brooklyn, NY 11219",40.629318,-73.998923
Tomche Shabbos Of Boro Park,(718) 259-5576,Wed,3 PM - 5 PM,"6225 New Utrecht Ave, Brooklyn, NY 11219",40.62537,-73.997
Zichron Acheinu Levy-Menachem Tzion,(347) 742-0552,Wed,10 PM - 12 PM,"4518 11th Ave, Brooklyn, NY 11219",40.639623,-73.994726
Academy Of Medical & Public Health Services (Amphs),(212) 256-9036,Sat,2 PM - 4 PM,"5306 3rd Ave, Brooklyn, NY 11220",40.645975,-74.016798
The Salvation Army Sunset Park Corps,(718) 438-1771,"Tue, Wed, Thu",10 AM - 12 PM,"520 50th St, Brooklyn, NY 11220",40.644694,-74.009826
The Table At The Family Support Center At Nyu Langone,(718) 630-7171,Fri,9 AM - 12 PM,"550 59th St, Brooklyn, NY 11220",40.639194,-74.014493
The Salvation Army Sunset Park Corps,(718) 438-1771,Tue-Thu,12:30 PM - 1:30 PM,"520 50th St, Brooklyn, NY 11220",40.644694,-74.009826
Abundant Life Christian Church Fp,(718) 778-5833,Sun,1:30 PM - 2:30 PM,"579 Gates Ave, Brooklyn, NY 11221",40.687142,-73.943621
Bethany House (Sco Family Of Services),(718) 312-6281,Thu,11 AM - 1 PM,"164 Suydam St, Brooklyn, NY 11221",40.699286,-73.926304
Collective Focus Food Justice Pantry Program,NONE PROVIDED,Tue,1 PM - 3 PM,"1046 Broadway, Brooklyn, NY 11221",40.695197,-73.932347
"Faith Center For Human Services, Inc",(646) 431-9729,Sat,9:30 AM - 12 PM,"1014 Gates Ave, Brooklyn, NY 11221",40.689302,-73.922834
Northeast Brooklyn Housing Development Corporation,(718) 453-9490,"Tue, Thu/Sat",9AM-12PM/10AM-12PM,"376 Throop Ave, Brooklyn, NY 11221",40.691357,-73.942751
Open Door Family Life Center Inc,(718) 455-3545,Sat,8:30 AM - 10:30 AM,"999 Greene Ave, Brooklyn, NY 11221",40.691297,-73.927009
St. John'S Bread & Life Food Pantry,(718) 574-0058,Mon-Thu,8 AM - 1 PM,"795 Lexington Ave, Brooklyn, NY 11221",40.690327,-73.928921
The Salvation Army Bushwick Corps,(718) 455-4102,"Mon, Tue, Thu",10 AM - 12:30 PM,"1151 Bushwick Ave, Brooklyn, NY 11221",40.689263,-73.917315
Thurston Memorial Outreach Ministries,(718) 452-3646,Fri,2 PM - 4:30 PM,"1243 Bushwick Ave, Brooklyn, NY 11221",40.687757,-73.914691
Metro Ministries International,(718) 453-3352,Sat,10:30 AM - 12 PM,"11 Harman St, Brooklyn, NY 11221",40.69394,-73.924893
"Faith Center For Human Services, Inc",(646) 431-9729,Sat,9:30 AM - 12 PM,"1014 Gates Ave, Brooklyn, NY 11221",40.689302,-73.922834
St. John'S Bread & Life Program,(718) 574-0058,Mon-Thu,9 AM - 12:30 PM,"795 Lexington Ave, Brooklyn, NY 11221",40.690327,-73.928921
The Salvation Army Bushwick Corps,(718) 455-4102,"M, Tu, Th, Fri",12:30 PM - 2 PM,"1151 Bushwick Ave, Brooklyn, NY 11221",40.689263,-73.917315
Greenpoint Reformed Church Food Pantry,(718) 383-5941,Thu,4 PM - 7 PM,"136 Milton St, Brooklyn, NY 11222",40.729275,-73.954981
Our Lady Of Grace Parish Ministry,(718) 645-2120,"Mon, Wed",9 PM - 1 PM,"2322 E 4th St, Brooklyn, NY 11223",40.593435,-73.967199
Salt & Sea Mission Church Inc.,(917) 873-9261,"Tue, Thu, Sun",10:30 AM - 12:45 PM,"2417 Stillwell Ave, Brooklyn, NY 11223",40.588551,-73.98351
Sephardic Bikur Holim Food Pantry,(718) 787-1100,M-Thu/Fri,9A-12:30P&1-4:3P/9A-1P,"425 Kings Hwy, Brooklyn, NY 11223",40.604624,-73.974871
Our Lady Of Grace Parish Ministry,(718) 645-2120,Wed,12 PM - 12:30 PM,"3162 Brighton 4th St, Brooklyn, NY 11235",40.576144,-73.963284
Acts Community Development Corporation,(718) 415-1170,Tue/Thu,6-7:15M/11AM-2:15PM,"2114 Mermaid Ave, Brooklyn, NY 11224",40.576109,-73.98843
Catholic Charities,(718) 722-6001,Mon,9:30 AM - 1:30 PM,"2866 W 17th St, Brooklyn, NY 11224",40.577277,-73.985047
Kingdom Global Missions,NONE PROVIDED,Sat,12 PM - 3 PM,"2315 Surf Ave, Brooklyn, NY 11224",40.574,-73.990491
Chance For Children,(347) 616-3228,Fri,10 AM - 12:30 PM,", McKeever, NY 13338",43.612013,-75.098781
"Elite Learners, Inc",(347) 221-0188,Thu,10 AM - 12 PM,"581 Rogers Ave, Brooklyn, NY 11225",40.657531,-73.953042
Gethsemane Seventh Day Adventist Church,(718) 467-4181,Sun/Wed,12-1PM/5-6PM,"357 Empire Blvd, Brooklyn, NY 11225",40.66411,-73.950237
Horeb Seventh Day Adventist Community Services,(718) 778-7373,Tue,10 AM - 11 AM,"520 Kingston Ave, Brooklyn, NY 11225",40.661057,-73.942828
Ladies In Waiting,(718) 469-8816,Tue,10 AM - 1 PM,"276 Fenimore St, Brooklyn, NY 11225",40.658375,-73.953624
Love Wins Food Pantry @ Bcpc,(347) 889-7719,Thu,1:30 PM - 2:30 PM,"1561 Bedford Ave, Brooklyn, NY 11225",40.66872,-73.9556
"Sanctified Church Of God, Inc/Community Feeding Program",(718) 493-2385,Sat,12 PM - 1 PM,"404 Lefferts Ave, Brooklyn, NY 11225",40.662356,-73.948095
Angels Through Christ,(516) 807-2978,Sat,1 PM - 3 PM,"2311 Snyder Ave, Brooklyn, NY 11226",40.648797,-73.955698
Bethanie French Seventh Day Adventist Church,(929) 340-4778,Thu,10 AM - 12 PM,"2059 Bedford Ave, Brooklyn, NY 11226",40.654484,-73.956077
Calvary Pentecostal Church,(718) 469-8252,Thu,10 AM - 12 PM,"151 Woodruff Ave, Brooklyn, NY 11226",40.654464,-73.961081
"Church Avenue Merchants Block Assoc., Inc/Camba Food Pantry",(718) 282-3082,"Tue, Thu",10 AM - 1 PM,"21 Snyder Ave, Brooklyn, NY 11226",40.648683,-73.957287
Church Of God Of Salvation,(718) 693-6486,Wed/Thu,2-4PM/10AM-4PM,"1615 Nostrand Ave, Brooklyn, NY 11226",40.646673,-73.948962
Emmaus Seventh Day Adventist Church,(704) 502-1450,Tue,12:30 PM - 2 PM,"1144 Flatbush Ave, Brooklyn, NY 11226",40.642465,-73.957698
Fernande Valme' Ministries Inc,(718) 284-1809,Thu,10 AM - 11 AM,"1120 Flatbush Ave, Brooklyn, NY 11226",40.643159,-73.957901
Flatbush Seventh Day Adventist Church,(718) 693-9180,Mon,11 AM - 1 PM,"261 E 21st St, Brooklyn, NY 11226",40.648057,-73.959355
Goshen Temple Of Seventh Day Adventist Church,(917) 847-5528,Wed,1 PM - 3 PM,"2414 Church Ave, Brooklyn, NY 11226",40.65044,-73.955157
Holy Cross Food Pantry - Brooklyn,(718) 469-5900,"Tue, Thu",2 PM - 3:30 PM,"2530 Church Ave, Brooklyn, NY 11226",40.650443,-73.953526
Peniel Haitian Church Of C And Ma,(718) 469-3685,Sat/Sat,10AM-12PM/1-3PM,"2741 Albemarle Rd, Brooklyn, NY 11226",40.648195,-73.950651
St. Mark'S United Methodist Church,(718) 282-6304,Thu,12 PM - 3 PM,"2017 Beverley Rd, Brooklyn, NY 11226",40.645084,-73.959486
Health Essential Association Inc,(646) 515-6898,Fri,10 AM - 12 PM,"2101 E 16th St, Brooklyn, NY 11229",40.598607,-73.955282
Kings Bay Y Food Pantry,(718) 648-7703,Fri,9:30 AM - 11 AM,"3495 Nostrand Ave, Brooklyn, NY 11229",40.598731,-73.941331
Brooklyn Meal Share,NONE PROVIDED,Sat,5 PM - 7 PM,"1323 Foster Ave, Brooklyn, NY 11230",40.633709,-73.964179
Payo Food Pantry,(718) 713-2000,Thu,3 PM - 5 PM,"1045 Coney Island Ave, Brooklyn, NY 11230",40.632195,-73.966535
Copo Food Pantry,(718) 434-3266,Fri,10:30 AM - 4:30 PM,"1077 Coney Island Ave, Brooklyn, NY 11230",40.631335,-73.966304
Icna Relief Quba Pantry,(214) 463-3227,Tue,1 PM - 3 PM,"634 Rugby Rd, Brooklyn, NY 11230",40.633607,-73.964089
Masbia Of Flatbush,(718) 972-4446,Mon-Thu,12 PM - 8 PM,"1372 Coney Island Ave, Brooklyn, NY 11230",40.624072,-73.965243
Masbia Of Flatbush,(718) 972-4446,Mon-Thu,6 PM - 8 PM,"1372 Coney Island Ave, Brooklyn, NY 11230",40.624072,-73.965243
"Food First, Inc",(718) 399-7395,"Wed, Fri",10 AM - 12 PM,"165 Conover St, Brooklyn, NY 11231",40.678224,-74.013866
Movement Of Pentecostal Christian Church,(347) 219-0947,Sun,12:30 PM - 2 PM,"90 Summit St, Brooklyn, NY 11231",40.682134,-74.003543
Red Hook Community - Redemption Church,(347) 526-2728,Thu,10 AM - 12 PM,"27 Huntington St, Brooklyn, NY 11231",40.677652,-74.005115
Center For Family Life,(929) 480-7175,"Tue, W, Thu",1 PM - 4 PM,"443 39th St, Brooklyn, NY 11232",40.651994,-74.004866
Blessed Assurance Church Of God Blessed Assurance Charity I,(917) 889-4654,Sat,9 AM - 11 AM,"2093 Fulton St, Brooklyn, NY 11233",40.678343,-73.909299
Brooklyn Rescue Mission Urban Harvest Center Inc,(917) 426-3001,"Tue, Wed",10 AM - 11:30 AM,"426 Decatur St, Brooklyn, NY 11233",40.682229,-73.925767
Church Of Praise And Worship God In Christ,(347) 462-5679,Sat,10 AM - 1 PM,"526 Ralph Ave, Brooklyn, NY 11233",40.671423,-73.922488
Community Services Housing Development Corp.,(646) 794-5961,Thu,10 AM - 12 PM,"547 Howard Ave, Brooklyn, NY 11233",40.669018,-73.919822
Glover Memorial Bread Of Life Food Pantry,(929) 453-9611,Thu,9 AM - 11:30 AM,"2134 Dean St, Brooklyn, NY 11233",40.674986,-73.917018
"God'S Deliverance Temple, Inc",(347) 234-3828,Tue,11 AM - 12 PM,"438 Ralph Ave, Brooklyn, NY 11233",40.674183,-73.922234
New Hope Pentecostal Church Of Jesus Christ Inc,NONE PROVIDED,Sat,12 PM - 2 PM,"1838 Park Pl, Brooklyn, NY 11233",40.671484,-73.916427
Rewrite Corporation,NONE PROVIDED,Sat,11 AM - 2 PM,"425 Howard Ave, Brooklyn, NY 11233",40.673162,-73.919432
St. Paul Pentecostal Church,(917) 604-9644,Sat,11 AM - 1 PM,"133 Thomas S Boyland St, Brooklyn, NY 11233",40.680368,-73.913825
St. Philip'S Episcopal/St. Benedict'S Pantry,(718) 778-8700,Wed,9 AM - 1 PM,"265 Decatur St, Brooklyn, NY 11233",40.68161,-73.933229
True Holy Church Of God In Christ Jesus,(718) 385-0248,Sat,10 AM - 12 PM,"2364 Atlantic Ave, Brooklyn, NY 11233",40.675946,-73.906749
Neighbors Together,(718) 498-7256,M-F/M-Thu,12-2PM/4-6PM,"2094 Fulton St, Brooklyn, NY 11233",40.678329,-73.913937
Opin (Other People In Need),(718) 421-0148,Fri,2 PM - 4 PM,"1768 St Johns Pl, Brooklyn, NY 11233",40.66976,-73.918483
Grant House Unity Corporation,(631) 652-3700,"W, Thu",11 AM - 4 PM,"2046 Flatbush Ave, Brooklyn, NY 11234",40.619895,-73.934165
Mamre Enrichment Program,(646) 617-8775,Sun,10 AM - 12 PM,"1623 Utica Ave, Brooklyn, NY 11234",40.632633,-73.928145
Bnai Raphael Chesed Organization Inc,(718) 951-2302,"M, Tue, W/Thu/F, Sun",10A-3:3P/10A-5P/APPTONLY,"3846 Flatlands Ave, Brooklyn, NY 11234",40.619639,-73.937581
Metropolitan Council On Jewish Poverty,(718) 763-5318,"Tue, Thu",3 PM - 5 PM,"5361 Preston Ct, Brooklyn, NY 11234",40.638733,-73.923713
Apna Food Pantry Brighton Beach,(718) 513-4700,Wed,2 PM - 3 PM,"225 Neptune Ave, Brooklyn, NY 11235",40.581729,-73.961682
Icna Relief Usa Food Pantry,(718) 658-2028,Mon,12 PM - 1 PM,"273 Neptune Ave, Brooklyn, NY 11235",40.581347,-73.963457
Chabad - Oceanview Jewish Center,(718) 796-2462,Mon,10 AM - 11 AM,"3100 Brighton 4th St, Brooklyn, NY 11235",40.576642,-73.963312
Bay View Houses Resident Association,(347) 307-0030,Thu,9:30 AM - 12:30 PM,"2085 Rockaway Pkwy, Brooklyn, NY 11236",40.632866,-73.886955
Children Of The Light International Ministries Inc,(347) 794-4130,"M, W, F, Sat",10 AM - 3 PM,"1171 E 95th St, Brooklyn, NY 11236",40.642246,-73.901806
Church Of God (Bk),(718) 346-4897,Sat,12 PM - 2:30 PM,"627 Remsen Ave, Brooklyn, NY 11236",40.651667,-73.918431
International Pentecostal City Mission,(718) 342-9005,Sat,11 AM - 1 PM,"9202 Church Ave, Brooklyn, NY 11236",40.653879,-73.91802
Our Lady Of Miracles-Canarsie Cluster Center,(718) 257-2400,Sat,10 AM - 11:30 AM,"757 E 86th St, Brooklyn, NY 11236",40.638822,-73.909227
Hebrew Educational Society,(718) 241-3000,"M, W, Th/Tue",9AM-2PP/1-6PM,"9502 Seaview Ave, Brooklyn, NY 11236",40.632398,-73.890779
Ccc New York Parish Food Pantry Outreach Program,(718) 366-8065,Sat,10 AM - 2 PM,"1380 Jefferson Ave, Brooklyn, NY 11237",40.69465,-73.909821
Make The Road New York,(718) 418-7690,Fri,8 AM - 11 AM,"301 Grove St, Brooklyn, NY 11237",40.698424,-73.915797
Bethel Seventh Day Adventist Church,(917) 509-8412,Wed,3 PM - 5 PM,"457 Grand Ave, Brooklyn, NY 11238",40.681607,-73.961308
Child Development Support Corporation,(718) 398-2050,Thu,11 AM - 3 PM,"358 Classon Ave, Brooklyn, NY 11238",40.688268,-73.960025
Church Of God Feeding The Hungry,(718) 230-5955,Thu,10 AM - 12 PM,"836 Classon Ave, Brooklyn, NY 11238",40.672411,-73.961117
Bethel Seventh Day Adventist Church,(917) 509-8412,Sun,1 PM - 2 PM,"457 Grand Ave, Brooklyn, NY 11238",40.681607,-73.961308
Sisters With Purpose Inc,(646) 460-4101,Sat,9 AM - 10 AM,"1540 Van Siclen Ave, Brooklyn, NY 11239",40.647476,-73.877542
Jewish Community Council Of Canarsie   #1,(718) 922-2474,Wed,9 AM - 11 AM,"1170 Pennsylvania Ave, Brooklyn, NY 11239",40.651493,-73.885716
The Salvation Army Bronx Citadel,(718) 665-8472,Tue,9 AM - 12 PM,"425 E 159th St, Bronx, NY 10451",40.822707,-73.913416
Boom! Health,(718) 295-5960,"Mon, Wed, Thu",11 AM - 12:30 PM,"3144 3rd Ave, Bronx, NY 10451",40.822232,-73.91056
City Harvest - Melrose Mobile Market,(646) 412-0740,"Wed, Sat",9:30 AM - 11:30 AM,"286 E 156th St, Bronx, NY 10451",40.821536,-73.920267
The Salvation Army Bronx Citadel,(718) 665-8472,"Mon, Wed, Fri",1 PM - 2 PM,"425 E 159th St, Bronx, NY 10451",40.822707,-73.913416
Church Of God Of Woodycrest Avenue,(718) 992-4087,Sat,10 AM - 1 PM,"923 Woodycrest Ave, Bronx, NY 10452",40.830873,-73.929623
Grand Concourse Seventh Day Adventist Church,(718) 681-2232,Wed,1:30 PM - 4 PM,"1275 Grand Concourse, Bronx, NY 10452",40.836396,-73.916428
Love Wins Nyc At Pss,(718) 588-3004,Fri,12 PM - 1 PM,"1181 Nelson Ave, Bronx, NY 10452",40.837261,-73.925822
Mosaic Beacon Community Center,(917) 962-9955,Fri,3 PM - 5 PM,"1257 Ogden Ave, Bronx, NY 10452",40.839681,-73.9257
New Covenant Community Corp Fp (Nccdc Elg Pantry),(718) 328-6072,Mon,11 AM - 1 PM,"1240 Edward L Grant Hwy, Bronx, NY 10452",40.837139,-73.922076
Whedco - Food Pantry,(718) 839-1100,Wed,9:30 AM - 10:30 AM,"50 E 168th St, Bronx, NY 10452",40.836488,-73.919038
The Community Food Pantry,(718) 960-2262,Tue/Thu/1St Sat,10AM-1PM/12-3PM/10AM-12PM,"1363 Ogden Ave, Bronx, NY 10452",40.841726,-73.924857
Woodycrest United Methodist Church,(718) 538-7500,Wed,12 PM - 1:30 PM,"89 W 166th St, Bronx, NY 10452",40.83531,-73.926559
Calvary United Methodist Church Food Pantry,(718) 299-4732,Fri,11 AM - 1 PM,"1885 University Ave, Bronx, NY 10453",40.85257,-73.913652
Davidson Community Center Inc,(718) 731-6360,Fri,5 PM - 8 PM,"2038 Davidson Ave, Bronx, NY 10453",40.853601,-73.908557
St. Edmunds Youth Program Inc,(718) 466-9370,Thu,12 PM - 2 PM,"1905 Morris Ave, Bronx, NY 10453",40.849923,-73.90809
Muna Social Service Baitul Islam Masjid,(212) 920-6202,Thu,2 PM - 3 PM,"2107 Davidson Ave, Bronx, NY 10453",40.855622,-73.907042
"Abraham House, Inc",(718) 292-9321,Sat,9 AM - 11 AM,"340 Willis Ave, Bronx, NY 10454",40.811236,-73.921116
St. Ann'S Church Of Morrisania,(718) 585-5632,Wed,10AM-1PM&5-6PM,"295 St Anns Ave, Bronx, NY 10454",40.808444,-73.916662
St. Jerome H.A.N.D.S. Community Center,(718) 402-7866,Wed,10 AM - 1 PM,"330 E 138th St, Bronx, NY 10454",40.81005,-73.925142
St. Lukes Food Pantry,(718) 665-6677,Fri,10 AM - 1 PM,"623 E 138th St, Bronx, NY 10454",40.806195,-73.91557
St. Ann'S Church Of Morrisania,(718) 585-5632,Sun,11 AM - 1 PM,"295 St Anns Ave, Bronx, NY 10454",40.808444,-73.916662
Bronx Temple Seventh Day Adventist Church,(718) 842-4504,"M, W, Thu",11:30 AM - 2:30 PM,"495 Willis Ave, Bronx, NY 10455",40.815001,-73.918801
Cccs Bronx Food Pantry,(718) 292-9090,"Wed/Thu, Fri",4-6PM/10AM-12PM,"402 E 152nd St, Bronx, NY 10455",40.818096,-73.91658
Give Them To Eat,(646) 306-1725,Fri,11 AM - 3 PM,"800 E 156th St, Bronx, NY 10455",40.817631,-73.904363
"United Bronx Parents, Inc.",(718) 991-7100,"W, Thu, F",11 AM - 12 PM,"603 Prospect Ave, Bronx, NY 10455",40.813968,-73.904071
"Way Out Church Ministries, Inc",(718) 665-8069,"Wed, Fri",9 AM - 10:30 AM,"520 E 148th St, Bronx, NY 10455",40.813939,-73.914691
City Harvest - St. Mary'S Mobile Market,(646) 412-0740,"Tue, Sat",9:30 AM - 11:30 AM,"595 Trinity Ave, Bronx, NY 10455",40.815135,-73.90973
"United Bronx Parents, Inc.",(718) 991-7100,Mon-Fri,2:30 PM - 4 PM,"603 Prospect Ave, Bronx, NY 10455",40.813968,-73.904071
Caring Sheperd Supplies Ministries Inc,(917) 743-0780,Thu,4 PM - 6 PM,"4056 Barnes Ave, Bronx, NY 10466",40.889181,-73.856133
Inspirational Gospel Assembly,(347) 758-6447,Sat,11 AM - 1 PM,"1211 Brook Ave, Bronx, NY 10456",40.831439,-73.909223
"Manna Of Life Ministries, Inc",(347) 577-5788,"Wed, Thu",8 AM - 11 AM,"1101 Boston Rd, Bronx, NY 10456",40.827525,-73.904892
Morrisania Revitalization Corp Inc,(718) 589-7858,"Mon, Wed, Fri",9 AM - 1 PM,"576 E 165th St, Bronx, NY 10456",40.825574,-73.906899
New Covenant Community Development Corp,(718) 328-6072,Tue/Thu,2-4PM/10AM-1PM,"1175 Boston Rd, Bronx, NY 10456",40.828931,-73.903235
Redeemed Christian Church Of God,(718) 293-8996,Tue,2 PM - 6 PM,"1001 Morris Ave, Bronx, NY 10456",40.828958,-73.916774
The Bible Church Of Christ,(718) 293-1928,Thu,9:30 AM - 12 PM,"1358 Morris Ave, Bronx, NY 10456",40.837271,-73.911564
Vineyard International Christian Ministries,(718) 538-9211,Sat,10 AM - 12 PM,"1140 Teller Ave, Bronx, NY 10456",40.830744,-73.912376
"Manna Of Life Ministries, Inc",(347) 577-5788,Sat,9 AM - 1 PM,"1101 Boston Rd, Bronx, NY 10456",40.827525,-73.904892
Ash-Shifaa Inc Fp,(646) 353-0859,M-Thu/Fri,1-5PM/2-5PM,"2269 Crotona Ave, Bronx, NY 10457",40.851638,-73.88506
Bronx Seventh Day Adventist Church,(646) 353-8926,Thu,2 PM - 5 PM,"1695 Washington Ave, Bronx, NY 10457",40.842157,-73.900969
Morning Star Full Gospel Assembly,(718) 294-6020,Wed,4 PM - 6 PM,", Tremont, NY 10457",40.849545,-73.905692
Revelacion Divina Food Pantry,NONE PROVIDED,Mon,5 PM - 7 PM,"240 E 175th St, Bronx, NY 10457",40.846632,-73.906144
St. Simon Stock Food Pantry,(718) 367-1251,Fri,9 AM - 10 AM,"2195 Valentine Ave, Bronx, NY 10457",40.85519,-73.899025
The Gambian Youth Organization Food Pantry,(646) 470-6330,Sun,2 PM - 5 PM,"214 E 181st St, Bronx, NY 10457",40.854304,-73.900814
Part Of The Solution,(929) 566-7980,Mon-Sat,8:30 AM - 11 AM,"2759 Webster Ave, Bronx, NY 10458",40.865753,-73.886562
Thorpe Family Residence,(718) 295-2550,Wed,7:30 AM - 9:30 AM,"406 E 184th St, Bronx, NY 10458",40.85643,-73.894678
Part Of The Solution (P.O.T.S.),(929) 556-7985,Mon-Sat,12:30 PM - 3 PM,"2759 Webster Ave, Bronx, NY 10458",40.865753,-73.886562
Give By Grace What By Grace You Have Received Inc,(718) 710-9339,Fri,12 PM - 1:30 PM,"936 E 165th St, Bronx, NY 10459",40.823797,-73.895994
New York Common Pantry - Bronx,(917) 423-2701,Thu-Sat,10 AM - 2:30 PM,"1290 Hoe Ave, Bronx, NY 10459",40.830863,-73.890393
Resurrection And Life Pentecostal Church,(929) 472-4201,Tue/Sat,12-2PM/10AM-12PM,"870 E 163rd St, Bronx, NY 10459",40.821526,-73.899286
Spanish Seventh Day Adventist Church Food Pantry,(845) 729-8804,Thu,10 AM - 1 PM,"1038 Prospect Ave, Bronx, NY 10459",40.824736,-73.899309
Thessalonia Baptist Church,(718) 542-0828,Tue,10 AM - 11:30 AM,"951 Rev James A Polite Ave, Bronx, NY 10459",40.822276,-73.899037
Word Of Life Christian Fellowship,(718) 861-5678,Sat,11 AM - 3 PM,"830 Union Ave, Bronx, NY 10459",40.819614,-73.903034
Loyal Baptist Church,(718) 328-3512,Thu,11 AM - 3 PM,"881 E 167th St, Bronx, NY 10459",40.826125,-73.896227
Pathhseo Inc,(917) 471-9188,Sat,12 PM - 2 PM,"1357 Southern Blvd, Bronx, NY 10459",40.832144,-73.8911
St. Ann'S Corner Of Harm Reduction,(718) 585-5544,Mon-Fri,6 AM - 12 PM,"886 Westchester Ave, Bronx, NY 10459",40.820597,-73.899471
El Remanente Food Pantry,NONE PROVIDED,Sat,11 AM - 12:30 PM,"1402 Crotona Park E, Bronx, NY 10460",40.834359,-73.89671
Gethsemane Baptist Church,(347) 948-0772,Thu,8 AM - 10 AM,"771 Fairmount Pl, Bronx, NY 10460",40.84266,-73.888798
St. Thomas Aquinas Food Pantry,(718) 589-5235,Wed,10 AM - 12 PM,"1900 Crotona Pkwy, Bronx, NY 10460",40.840785,-73.885469
Union Grove Baptist Church,(347) 590-3881,Wed,9 AM - 11 AM,"1488 Hoe Ave, Bronx, NY 10460",40.832947,-73.889147
Grace Episcopal Church,(718) 542-1946,Sat,12 PM - 1:30 PM,"1909 Vyse Ave, Bronx, NY 10460",40.840572,-73.883552
St. Anthony'S Church,(718) 931-4040,Sat,7 AM - 1 PM,"1750 Mansion St, Bronx, NY 10460",40.83791,-73.869448
Guru Seva Hidu Milan Mandir Cultural Group,(347) 951-5669,Sat,11 AM - 3 PM,"3201 Bruckner Blvd, Bronx, NY 10461",40.83888,-73.826124
Admirable Christ Ministries Food Pantry,(570) 856-7065,Sat,2 PM - 3 PM,"2361 Maclay Ave, Bronx, NY 10462",40.839725,-73.851349
Parkchester Baptist Church,(718) 823-8124,Tue,11 AM - 12 PM,"2021 Benedict Ave, Bronx, NY 10462",40.834525,-73.857175
Roman Catholic Church Of St. Helena,(718) 892-3232,Wed,12 PM - 2 PM,"1315 Olmstead Ave, Bronx, NY 10462",40.834254,-73.854929
St. Paul'S Lutheran Church,(718) 822-4535,Fri,8 AM - 10 AM,"1891 McGraw Ave, Bronx, NY 10462",40.83457,-73.86251
Muna Social Service Parkchester Islamic Center,(212) 920-6202,Thu,4 PM - 5 PM,"1375 Virginia Ave, Bronx, NY 10462",40.83535,-73.862139
Jewish Community Council Of Pelham Parkway,(718) 792-4744,Thu,11 AM - 3 PM,"2157 Holland Ave, Bronx, NY 10462",40.855343,-73.86585
The Kingsbridge Heights Community Center Inc,(718) 884-0700,"Tue, Thu",11 AM - 2:30 PM,"3067 Kingsbridge Ter, Bronx, NY 10463",40.87737,-73.900943
Bronx Bethany Community Corporation,(718) 697-9672,Wed/Th,9-11AM/3-6PM,"971 E 227th St, Bronx, NY 10466",40.886689,-73.851394
Jamaica Benevolent Arm & Cultural Center,(646) 907-9858,Sat,10 AM - 12 PM,"2230 Light St, Bronx, NY 10466",40.887726,-73.830705
"Jesus Reconciliation Ministries, Inc",(718) 844-8704,Sat,12 PM - 2 PM,"4051 Barnes Ave, Bronx, NY 10466",40.889152,-73.856495
"United Yes We Can, Unidos Sise Puede, Inc",(646) 321-5045,Sat,12 PM - 3 PM,"4327 White Plains Rd, Bronx, NY 10466",40.896355,-73.855967
Christ Disciples International Ministries,(917) 999-8459,"Mon, Wed/Sat",10AM-3PM/9:30AM-12:30PM,"Webster Ave, Bronx, NY 10470",40.900885,-73.861636
Food And Nutrition Services Program,(347) 974-7397,Wed,10 AM - 4 PM,"1802 Crotona Ave, Bronx, NY 10457",40.842663,-73.893489
Mosholu Montefiore Community Center Fp,(718) 882-4000,Wed,10 AM - 12 PM,"3450 Dekalb Ave, Bronx, NY 10467",40.881966,-73.880582
St. Brendan & St. Ann Parish,(718) 547-6655,Sat,7:30 AM - 9 AM,"268 E 207th St, Bronx, NY 10467",40.875464,-73.877526
St. Luke'S Senior Community Program,(718) 882-3060,Mon-Fri,12 PM - 1 PM,"765 E 222nd St, Bronx, NY 10467",40.885089,-73.859205
Church Of St. Nicholas Of Tolentine,(718) 295-6800,Tue,9 AM - 11 AM,"2345 University Ave, Bronx, NY 10468",40.862216,-73.905673
"Creston Avenue Baptist Church, Inc",(718) 367-1754,"Mon, Wed, Fri",12 PM - 2 PM,"114 E 188th St, Bronx, NY 10468",40.861844,-73.899159
"Power Praise And Deliverance, Inc",(347) 409-0288,Fri,12 PM - 4 PM,"120 E 184th St, Bronx, NY 10468",40.859623,-73.900434
St. James Place,(718) 367-0655,Sat,9:30 AM - 10:30 AM,"2500 Jerome Ave, Bronx, NY 10468",40.864004,-73.899625
"Creston Avenue Baptist Church Of Christ, Inc",(718) 367-1754,Sat,12 PM - 2 PM,"114 E 188th St, Bronx, NY 10468",40.861844,-73.899159
Abundant Grace For The Forsaken Food Pantry,(347) 350-4698,Sat,9 AM - 11 AM,"3101 Eastchester Rd, Bronx, NY 10469",40.871365,-73.84387
Church Of God Of Bronxwood Avenue,(718) 652-0337,Wed/Sat,10 AM - 2 PM,"3232 Lurting Ave, Bronx, NY 10469",40.872376,-73.856442
Eastchester Presbyterian Church,(718) 920-0679,Sat,10 AM - 11 AM,"3154 Fish Ave, Bronx, NY 10469",40.871322,-73.847255
Good Neighbor Community Outreach Agency Inc,(718) 652-3288,Wed/Fri,12-2PM/7-9PM,"3356 Seymour Ave, Bronx, NY 10469",40.875712,-73.848639
North Bronx Seventh Day Adventist Church,(718) 882-4907,Fri,9 AM - 12 PM,"3743 Bronxwood Ave, Bronx, NY 10469",40.880983,-73.8577
Icna Relief Burke Avenue Bronx Pantry,(214) 463-3227,Sat,9 AM - 11 AM,"1277 D Burke Ave, Bronx, NY 10469",40.871571,-73.84958
Eastchester Presbyterian Church,(718) 798-1855,Thu,5 PM - 6 PM,"3154 Fish Ave, Bronx, NY 10469",40.871322,-73.847255
Kingsbridge Center For Israel,(718) 548-2727,Wed/Sun,7-9PM/9AM-12PM,"5905 Riverdale Ave, Bronx, NY 10471",40.907062,-73.904257
Bread Of Life Food Pantry,(347) 235-3723,Sat,1:30 PM - 4:30 PM,"1104 Elder Ave, Bronx, NY 10472",40.826425,-73.878539
Church Of The Atonement Food Pantry,(718) 828-6078,Sat,10 AM - 12 PM,"1344 Beach Ave, Bronx, NY 10472",40.833386,-73.866336
Emanuel Pentecostal Faith Church,(718) 842-4092,Wed,12 PM - 2 PM,"1310 Elder Ave, Bronx, NY 10472",40.831613,-73.879749
"Disciples Of Galilee, Inc",(347) 293-6166,Wed/Fri,3-4PM/1-:2:30PM,"725 Castle Hill Ave, Bronx, NY 10473",40.821627,-73.848882
Fellowship Covenant Church,(718) 829-2116,Wed,9 AM - 11:30 AM,"720 Castle Hill Ave, Bronx, NY 10473",40.821723,-73.848411
Grace & Peace Food Bank,(718) 924-8839,Sat,9 AM - 12 PM,"525 Compton Ave, Bronx, NY 10473",40.813055,-73.854264
Lt Works Food Pantry,(347) 810-1201,Thu,10:30 AM - 12:30 PM,"2347 Lafayette Ave, Bronx, NY 10473",40.824114,-73.844195
Shout For Joy Baptist Church Inc,(347) 400-0409,Sat,8 AM - 9:30 AM,"456 White Plains Rd, Bronx, NY 10473",40.814703,-73.856286
Spanish Soundview Seventh Day Adventist Church,(718) 842-7373,Wed,8 AM - 12:30 PM,"1822 Lacombe Ave, Bronx, NY 10473",40.814908,-73.861229
Chapel Of The Great Restorer Food Pantry,(718) 673-8139,Sat,12 PM - 2 PM,"1121 Longwood Ave, Bronx, NY 10474",40.814808,-73.893347
Black Forum Of Co-Op City,(718) 320-8035,"Thu, Fri",11 AM - 12:45 PM,"920 Baychester Ave, Bronx, NY 10475",40.877169,-73.833184
Coop City Sda Church Food Pantry,(718) 320-0518,Wed,5:30 PM - 7 PM,"1010 Baychester Ave, Bronx, NY 10475",40.880352,-73.831068
Aids Service Center Of Lower Manhattan,(212) 675-0875,Wed,10 AM - 3 PM,"64 W 35th St, New York, NY 10001",40.750099,-73.986666
Holy Apostles Soup Kitchen Pantry,(646) 998-6105,"Tue, Wed, Thu",1:30 PM - 3 PM,"296 9th Ave, New York, NY 10001",40.74916,-73.998931
St. John'S Bread Of Life,(212) 564-9070,Wed,10 AM - 1 PM,"213 W 30th St, New York, NY 10001",40.748911,-73.993214
Holy Apostles Soup Kitchen,(212) 924-0167,Mon-Fri,10:30 AM - 12:30 PM,"9th Ave and W 28th St, New York, NY 10001",40.749659,-73.999065
Dewitt Reformed Church,(212) 674-3341,Sat,10 AM - 12 PM,"280 Rivington St, New York, NY 10002",40.717523,-73.979589
Our Lady Of Sorrows,(212) 673-0900,"Tue, Thu",8 AM - 11 AM,"213 Stanton St, New York, NY 10002",40.719506,-73.982362
Ua3 Community First Food Pantry,NONE PROVIDED,"Mon, Thu",10 AM - 2 PM,"384 Grand St, New York, NY 10002",40.716405,-73.987669
Vision Urbana,(646) 626-9748,Mon,9 AM - 11 AM,"66 Essex St, New York, NY 10002",40.717348,-73.988425
Nazareth Housing Inc,(212) 777-1010,Tue,8:30 AM - 10 AM,"206 E 4th St, New York, NY 10009",40.723773,-73.983942
The Crw Community Food Pantry,(646) 395-4414,"Tue, Wed",4 PM - 5:45 PM,"25 Ave D, New York, NY 10009",40.721028,-73.978158
The Lower Eastside Girls Club,(212) 982-1633,Wed,9 AM - 2:30 PM,"402 E 8th St, New York, NY 10009",40.724183,-73.977806
"Trinity'S Services And Food For The Homeless, Inc.",(212) 228-5254,Mon-Thu,12:30 PM - 1:30 PM,"602 E 9th St, New York, NY 10009",40.726049,-73.980041
Lillian Wald Food Pantry,(212) 260-2731,"Tue, Wed",10 AM - 2 PM,"12 Ave D, New York, NY 10009",40.720246,-73.978183
"Trinity'S Services And Food For The Homeless, Inc.",(212) 228-5254,Mon-Fri,11 AM - 12 PM,"602 E 9th St, New York, NY 10009",40.726049,-73.980041
"University Community Social Services, Inc",(347) 850-2230,Sat,9-10AM&1-2:30PM,"137 E 2nd St, New York, NY 10009",40.723116,-73.98629
"Ascension Outreach, Inc",(212) 254-8620,Sat,8:30 AM - 9 AM,"12 W 11th St, New York, NY 10011",40.734195,-73.995719
St. Peter'S Food Pantry,(212) 929-2390,Sat,10:30 AM - 11:30 AM,"346 W 20th St, New York, NY 10011",40.744153,-74.00192
The Red Door Place,(212) 243-5470,Tue,2 PM - 4:50 PM,"201 W 13th St, New York, NY 10011",40.738145,-74.000569
The Salvation Army New York Temple Corps,(212) 337-7467,Mon-Fri,9:30 AM - 11:30 AM,"120 W 14th St, New York, NY 10011",40.737827,-73.998326
"St. Joseph'S Soup Kitchen, Inc",NONE PROVIDED,Sat,1:30 PM - 3 PM,"12 W 12th St, New York, NY 10011",40.734814,-73.995165
The Red Door Place,(212) 243-5470,Sat,12 PM - 2 PM,"201 W 13th St, New York, NY 10011",40.738145,-74.000569
The Salvation Army New York Temple,(212) 337-7469,Mon-Thu,12 PM - 1 PM,"120 W 14th St, New York, NY 10011",40.737827,-73.998326
Xavier Mission Inc,(212) 627-2100,Sun,12:45 PM - 3 PM,"55 W 15th St, New York, NY 10011",40.737812,-73.995506
The Door'S Food & Nutrition Program,(212) 941-9090,Mon-Fri,4:30 PM - 5:30 PM,"555 Broome St, New York, NY 10013",40.724196,-74.004877
The Door'S Food & Nutrition Program,(212) 941-9090,Mon-Fri,4:30 PM - 5:30 PM,"555 Broome St, New York, NY 10013",40.724196,-74.004877
Grand Central Neighborhood Social Services Corporation,(212) 883-0680,Wed,1 PM - 3 PM,"120 E 32nd St, New York, NY 10016",40.745314,-73.981401
Grand Central Neighborhood Social Service Corp.,(212) 883-0680,Mon-Sun,7:30A-8:15A/12P-1:15P/3P-5P,"120 E 32nd St, New York, NY 10016",40.745314,-73.981401
Mccny Charities,(332) 400-7488,Thu,9 AM - 11 AM,"446 W 36th St, New York, NY 10018",40.755449,-73.997442
Rauschenbusch Metro Ministries Inc.,(212) 594-4464,Sat,9 AM - 11:30 AM,"410 W 40th St, New York, NY 10018",40.757318,-73.994266
Gay Men'S Health Crisis,(212) 637-1000,Tue-Thu,11 AM - 2 PM,"307 W 38th St, New York, NY 10018",40.755082,-73.992227
St. Paul'S House Inc.,(212) 265-5433,Tue,9:30 AM - 10:30 AM,"335 W 51st St, New York, NY 10019",40.763644,-73.987076
St. Paul'S House Inc.,(212) 265-5433,"Mon, Wed, Fri",8 AM - 8:30 AM,"335 W 51st St, New York, NY 10019",40.763644,-73.987076
St. James Church-Community Kitchen,(212) 774-4200,Tue/Fri,12-1PM/6:30-7:30PM,"865 Madison Ave, New York, NY 10021",40.771333,-73.965587
Crossroads Community Services Inc,(212) 378-0229,Thu,9:30 AM - 12:45 PM,"108 E 51st St, New York, NY 10022",40.757621,-73.973497
Crossroads Community Services Inc,(212) 378-0229,"M, W, Sun/Sat",7:45-8:45AM/10-11AM,"108 E 51st St, New York, NY 10022",40.757621,-73.973497
Coalition For The Homeless,(212) 776-2002,Mon-Sun,5:30 PM - 10 PM,"108 E 51st St, New York, NY 10022",40.757621,-73.973497
National Council Of Jewish Women,(212) 687-5030,Mon,9:30 AM - 1:30 PM,"241 W 72nd St, New York, NY 10023",40.7794,-73.983076
National Council Of Jewish Women,(212) 687-5030,Wed/Sun,4:30-5PM/11:30AM-12:30PM,"241 W 72nd St, New York, NY 10023",40.7794,-73.983076
Westside Campaign Against Hunger,(212) 362-3662,Tue-Fri,9 AM - 1 PM,"263 W 86th St, New York, NY 10024",40.7888,-73.977266
St. Ignatius Episcopal Church,(212) 580-3326,Mon/Sat,6:45-7:15PM/3:45-4:15PM,"552 W End Ave, New York, NY 10024",40.789318,-73.977313
Congregation B'Nai Jeshurun,(212) 787-7600,Thu,12 PM - 1 PM,"257 W 88th St, New York, NY 10024",40.79002,-73.976236
Advent Lutheran Church,(212) 665-2504,Sat,10 AM - 12 PM,"2504 Broadway, New York, NY 10025",40.792762,-73.972843
Broadway Community,(212) 864-6100,Thu,2 PM - 5 PM,"601 W 114th St, New York, NY 10025",40.806913,-73.965059
Cathedral Community Cares,(347) 376-2848,Thu,12 PM - 6 PM,"1047 Amsterdam Ave, New York, NY 10025",40.804117,-73.962578
Community Impact,(919) 259-8315,"Mon, Wed, Thu",11 AM - 2 PM,"616 W 114th St, New York, NY 10025",40.807023,-73.96584
Advent Lutheran Church,(212) 665-2504,Sat,12 PM - 1 PM,"2504 Broadway, New York, NY 10025",40.792762,-73.972843
Broadway Community,(212) 864-6100,"M, Tue, W, F",10-11:30A&12:30-1:30P,"601 W 114th St, New York, NY 10025",40.806913,-73.965059
Cathedral Of St. John The Divine,(212) 316-7579,Sun,10 AM - 3 PM,"1047 Amsterdam Ave, New York, NY 10025",40.804117,-73.962578
Southern Baptist Church,(212) 663-6549,Wed,12 PM - 1:30 PM,"12 W 108th St, New York, NY 10025",40.79965,-73.960045
St. Michael'S Church,(212) 222-2700,Sat,10 AM - 11:30 AM,"225 W 99th St, New York, NY 10025",40.796454,-73.969424
Food Bank For New York City,(212) 566-7855,"Tue, W/Thu/Sat",9:30A-3:30P/12-6PM/11AM-2PM,"252 W 116th St, New York, NY 10026",40.804061,-73.954918
Project Create - Anthony House,(212) 663-1596,Wed,10 AM - 12 PM,"73 Lenox Ave, New York, NY 10026",40.800592,-73.95107
Food Bank For New York City,(212) 665-8747,"M, W, F",4 PM - 6 PM,"252 W 116th St, New York, NY 10026",40.804061,-73.954918
Free Food Harlem,(510) 541-9430,"Wed, Fri",5:15 PM - 7 PM,"37 W 119th St, New York, NY 10026",40.803221,-73.94621
African Services Committee,212-222-3882 (10,Mon-Thu,10 AM - 4 PM,"429 W 127th St, New York, NY 10027",40.813387,-73.95449
Antioch Outreach Ministries,(212) 534-5715,Sat,7:30 AM - 11 AM,"41 W 124th St, New York, NY 10027",40.806518,-73.944247
Church Of The Annunciation,(212) 234-1919,Tue,2 PM - 5 PM,"88 Convent Ave, New York, NY 10027",40.816272,-73.952965
Harlem Dowling West Side Center/Specialized Services,(212) 749-3656,Fri,12 PM - 2 PM,"2139 Adam Clayton Powell Jr Blvd, New York, NY 10027",40.810032,-73.94723
Love Wins Nyc (Harlem),NONE PROVIDED,Wed,1 PM - 3 PM,"521 W 126th St, New York, NY 10027",40.814849,-73.956153
Mt. Olivet Baptist Church Community Meal Program,(212) 864-1155,"Tue, Wed",10:30 AM - 11:30 AM,"201 Lenox Ave, New York, NY 10027",40.804826,-73.947965
Riverside Church Food Pantry,(212) 870-6733,Tue-Fri,9 AM - 1 PM,"91 Claremont Ave, New York, NY 10027",40.811964,-73.962513
Salem United Methodist Church,(212) 678-2700,Tue,10 AM - 12 PM,"2190 Adam Clayton Powell Jr Blvd, New York, NY 10027",40.811921,-73.946516
Salem United Methodist Church,(212) 678-2700,Wed,10:30 AM - 12 PM,"2190 Adam Clayton Powell Jr Blvd, New York, NY 10027",40.811921,-73.946516
Another Choice Youth And Family Outreach Inc,(212) 369-6643,Fri/Sat,10-11AM/10AM-12PM,"1765 Madison Ave, New York, NY 10029",40.799797,-73.944809
Little Sisters Of The Assumption Family Health Service,(646) 672-5200,Wed,9-11:30AM&1-2:30PM,"333 E 115th St, New York, NY 10029",40.795773,-73.936667
Love Wins@Corsi House Neighborhood Senior Center,NONE PROVIDED,Thu,12 PM - 1 PM,"307 E 116th St, New York, NY 10029",40.79694,-73.93717
Macedonia Ch. Assembly Of God-Bread Of Life Food Pantry,(212) 410-3412,Fri,9 AM - 10:30 AM,"340 E 106th St, New York, NY 10029",40.789811,-73.940876
New York Common Pantry,(917) 720-9700,Wed-Sat,10 AM - 2:30 PM,"8 E 109th St, New York, NY 10029",40.795869,-73.949124
St. Cecilia'S Parish Services,(212) 348-0488,Wed,9 AM - 12 PM,"125 E 105th St, New York, NY 10029",40.791927,-73.947327
New York Common Pantry,(917) 720-9700,Mon-Fri,2:30 PM - 3:30 PM,"8 E 109th St, New York, NY 10029",40.795869,-73.949124
Iris House,(646) 548-0100,Thu,10 AM - 3 PM,"2348 Adam Clayton Powell Jr Blvd, New York, NY 10030",40.817089,-73.94274
St. Charles Borromeo Church,(212) 281-2100,Sat,9 AM - 11:30 AM,"211 W 141st St, New York, NY 10030",40.819538,-73.941704
"West Harlem Group Assistance, Inc",(212) 832-1399,Mon-Thu,10 AM - 2 PM,"625 Lenox Ave, New York, NY 10037",40.818223,-73.938188
Zeina Lorraine Inc,(646) 355-3880,"Tue, Thu",11 AM - 2 PM,"203 W 133rd St, New York, NY 10030",40.814254,-73.944945
Iris House,(646) 548-0100,Tue-Fri,12 PM - 1:30 PM,"2348 Adam Clayton Powell Jr Blvd, New York, NY 10030",40.817089,-73.94274
Convent Avenue Baptist Church,(646) 698-5102,Mon,9 AM - 12 PM,"Convent Ave and W 144th St, New York, NY 10031",40.823983,-73.946725
Family Integration Ministry Food Pantry,(347) 459-4445,Sat,8 AM - 10:30 AM,"1875 Amsterdam Ave, New York, NY 10031",40.830017,-73.943894
Upper Manhattan Mental Health Center,(212) 694-9200,"Tue, Wed, Thu",11 AM - 2 PM,"1727 Amsterdam Ave, New York, NY 10031",40.825537,-73.947163
Alliance Casa Washington Heights,(212) 645-0875,Wed,10 AM - 3 PM,"2036 Amsterdam Ave, New York, NY 10032",40.835229,-73.940571
Community League Of The Heights,(212) 795-4779,"Wed, Sat",9 AM - 1 PM,"508 W 159th St, New York, NY 10032",40.834303,-73.941842
City Harvest Mobile Market - Prince Hall,(646) 412-0740,"Thu, Sat",9:30 AM - 11:30 AM,"454 W 155th St, New York, NY 10032",40.8308,-73.941867
Catholic Charities Washington Heights Food Pantry,(212) 862-6401,Thu,10 AM - 12 PM,"665 W 182nd St, New York, NY 10033",40.85075,-73.935055
International Pentecostal Church,(212) 568-3531,Tue/Fri,11:30AM-3:30PM/12-3PM,"619 W 179th St, New York, NY 10033",40.848414,-73.935391
Jewish Community Council Of Washington Hgts,(212) 568-5450,Wed,10 AM - 1 PM,"121 Bennett Ave, New York, NY 10033",40.854068,-73.934593
Cabrini Immigrant Services Of New York City Inc,(212) 791-4590,Sat,7:30 AM - 9 AM,"630 Isham St, New York, NY 10034",40.869598,-73.920904
Nuevo Siglo Cares (Serving God Through You),(347) 856-8500,Fri,2 PM - 4 PM,"213 Sherman Ave, New York, NY 10034",40.865411,-73.920601
"Worldwide Missionary Movement/Centro Evangelistico Mmm, Inc",(212) 567-5620,Sat,10 AM - 12 PM,"148 Post Ave, New York, NY 10034",40.865111,-73.918941
City Harvest Mobile Market - Dyckman Houses,(646) 412-0740,"Wed, Sat",9:30 AM - 11:30 AM,"177 Nagle Ave, New York, NY 10034",40.861139,-73.923996
Beth Hark Christian Counseling Center,(212) 860-1523,Tue/Thu,12-2PM/11AM-1PM,"1832 Madison Ave, New York, NY 10035",40.80232,-73.943368
Chambers Memorial Baptist Church/Love Offering,(347) 600-9820,Wed,9 AM - 11 AM,"219 E 123rd St, New York, NY 10035",40.802163,-73.935933
"Fraternite Notre Dame, Inc",(212) 876-5855,Fri,2 PM - 5 PM,"2290 1st Ave, New York, NY 10035",40.79706,-73.934419
Friendly Hands Ministry Inc,(646) 370-3978,Wed/Thu,10AM-12PM/10AM-12PM,"115 E 125th St, New York, NY 10035",40.804777,-73.937951
The Salvation Army Manhattan Citadel,(212) 860-3200,Mon-Fri,9 AM - 3 PM,"175 E 125th St, New York, NY 10035",40.804076,-73.936574
Beth Hark Christian Counseling Center,(212) 860-1523,"Wed, Thu",12 PM - 2 PM,"1832 Madison Ave, New York, NY 10035",40.80232,-73.943368
Fraternite Notre Dame,(212) 876-5855,Thu,11 AM - 1 PM,"2290 1st Ave, New York, NY 10035",40.79706,-73.934419
St. Clements Food Pantry,(212) 246-7277,Fri/Sat,2-6PM/8-11:30AM,"10th Ave and W 46th St, New York, NY 10036",40.762185,-73.993607
Bethel Ame Church,(212) 862-0100,Thu,9:30 AM - 11:30 AM,"60 W 132nd St, New York, NY 10037",40.81134,-73.941073
Cccs - Kennedy Center Food Pantry,(212) 862-6401,Wed,10 AM - 1 PM,"34 W 134th St, New York, NY 10037",40.812717,-73.939905
St. Mark The Evangelist Church,(212) 281-4931,Sat,10 AM - 12 PM,"65 W 138th St, New York, NY 10037",40.81584,-73.938719
Bethany Baptist Church,(212) 234-5810,Fri,12 PM - 3 PM,"304 W 154th St, New York, NY 10039",40.828661,-73.938484
Father Creavin'S Food Pantry,(212) 281-2100,Tue,9 AM - 11 AM,"276 W 151st St, New York, NY 10039",40.825934,-73.937759
Roosevelt Island Disable Association (Rida),NONE PROVIDED,Fri,4 PM - 6 PM,"548 Main St, New York, NY 10044",40.761742,-73.949377
Christ Church United Methodist,(212) 838-3036,Sun,4:30 PM - 6 PM,"524 Park Ave, New York, NY 10065",40.763943,-73.96949
Temple Shaaray Tefila,(212) 535-8008,Wed,11:15 AM - 12 PM,"250 E 79th St, New York, NY 10075",40.773349,-73.955474
Isaacs Holmes Food Pantry,(212) 360-7620,Wed,9 AM - 11 AM,"415 E 93rd St, New York, NY 10128",40.781214,-73.945277
The Urban Outreach Center Of Nyc,(212) 288-6743,Tue,5:30 PM - 6:30 PM,"1745 1st Ave, New York, NY 10128",40.779771,-73.94749
The Urban Outreach Center Of Nyc,(212) 288-6743,"Wed, Fri",9 AM - 1 PM,"1745 1st Ave, New York, NY 10128",40.779771,-73.94749
Manhattan Downtown Multi-Cultural Food Pantry,(347) 248-9726,Thu,8:30 AM - 10:30 AM,"160 Allen St, New York, NY 10002",40.720919,-73.989184
Center Of Hope International,(718) 784-4673,"Tue, Thu/Wed",12-3PM/11AM-2PM,"12-5 40th Ave, Long Island City, NY 11101",40.756017,-73.942455
Evangel Food Pantry,(718) 361-5454,Tue-Fri/Sat,9AM-3PM/9-12PM,"39-21 Crescent St, Long Island City, NY 11101",40.754208,-73.937116
Iglesia Alianza Misionera Ebenezer,(718) 729-1944,Sat,8 AM - 1 PM,"43-2 38th St, Long Island City, NY 11101",40.745654,-73.926867
St. Raphael Church Food Pantry,(718) 729-8957,Thu/Sat,10:3A-12P/1:3-3P,"35-20 Greenpoint Ave, Long Island City, NY 11101",40.737155,-73.930046
City Harvest Mobile Market - Queensbridge Houses,(646) 412-0740,"Wed, Sat",9:30 AM - 11:30 AM,"10-25 41st Ave, Long Island City, NY 11101",40.755456,-73.944639
City Harvest - Astoria Mobile Market,(646) 412-0725,"Thu, Sat",9:30 AM - 11:30 AM,"27-1 Astoria Blvd, Astoria, NY 11102",40.771017,-73.921038
Hour Children Community Outreach,(718) 482-8226,"Mon, Thu/Tue",2-4PM/10:30AM-12:30PM,"36-49 11th St, Astoria, NY 11106",40.759937,-73.940528
Food Sharing With Our Neighbors Programs,(718) 939-8599,Thu,10 AM - 12 PM,"38-24 149th St, Flushing, NY 11354",40.763795,-73.816887
South Asian Council For Social Services,(718) 321-7929,"Wed, Thu",9:30 AM - 1 PM,"143-2 45th Ave, Flushing, NY 11355",40.753836,-73.818216
Icna Flushing Food Pantry,(929) 329-7986,Wed,12 PM - 2 PM,"140-32 Cherry Ave, Flushing, NY 11355",40.754394,-73.821573
New  Beginnings Food Pantry,NONE PROVIDED,Tue,10 AM - 11:30 AM,"242-1 Braddock Ave, Bellerose Terrace, NY 11426",40.726264,-73.726064
Flushing Jewish Community Council,(718) 463-8937,Tue,9 AM - 10:30 AM,"171-39 Northern Blvd, Flushing, NY 11358",40.757896,-73.794474
Sam Field Y,(718) 704-8160,M/Tue/W&Thu/F,9A-1P/11A-2P/9A-2P/9A-12P,"58-25 Little Neck Pkwy, Little Neck, NY 11362",40.761334,-73.722885
Chazaq,(718) 285-9132,Tue,2:30 PM - 5 PM,"141-47 72nd Ave, Flushing, NY 11367",40.726736,-73.822208
Kehilat Sephardim Of Ahavat Achim,(718) 591-9574,"M, W/Tue, Thu/Sun",10A-2P/11A-1P/10A-4P,"150-62 78th Rd, Flushing, NY 11367",40.7211,-73.811573
Corona Seventh Day Adventist Church,(718) 429-7050,Mon,9 AM - 11:30 AM,"35-30 103rd St, Corona, NY 11368",40.753847,-73.864838
Elmcor Youth & Adult Activities #2,(718) 651-0096,Wed,10 AM - 3 PM,"33-16 108th St, Corona, NY 11368",40.757255,-73.861095
Iglesia Cristiana Evangelica,(347) 938-9368,Sat,11 AM - 12 PM,"34-35 96th St, Corona, NY 11368",40.753989,-73.871549
Make The Road New York,(718) 565-8500,Wed,8 AM - 10 AM,"104-19 Roosevelt Ave, Corona, NY 11368",40.750175,-73.861102
Mt. Olivet Gospel Church,(718) 478-0780,Wed,5:30 PM - 6:30 PM,"33-27 97th St, Corona, NY 11368",40.756074,-73.871005
Northeast Conference Community Center Sda,(347) 527-2444,Tue/Wed,11AM-1PM/3-6PM,"99-13 Northern Blvd, Corona, NY 11368",40.757448,-73.86896
Corona Seventh Day Adventist Church,(718) 651-4534,Sun,12 PM - 2 PM,"35-30 103rd St, Corona, NY 11368",40.753847,-73.864838
Brigada De Esperanza Inc,(718) 530-8638,Sat,12 PM - 3 PM,"89-7 Astoria Blvd, East Elmhurst, NY 11369",40.763968,-73.879748
First Baptist Church Of Corona,(718) 446-0200,Sat,12 PM - 3 PM,"100-10 Astoria Blvd, East Elmhurst, NY 11369",40.761622,-73.868737
First Baptist Church,(718) 446-0200,Wed,12 PM - 1:45 PM,"100-10 Astoria Blvd, East Elmhurst, NY 11369",40.761622,-73.868737
Love Wins Food Pantry - Mercadito Solidario,(347) 735-6989,Fri,1 PM - 5 PM,"37-63 83rd St, Jackson Heights, NY 11372",40.747979,-73.88291
Muna Social Services - Jackson Heights Community Food Bank,(212) 920-6202,Thu,2 PM - 3 PM,"35-35 71st St, Jackson Heights, NY 11372",40.74967,-73.894512
St. Mark Ame Church/The Voice Of Hagar,(718) 205-0506,Tue,10 AM - 12:30 PM,"95-18 Northern Blvd, Jackson Heights, NY 11372",40.756756,-73.872421
The Salvation Army Queens Temple Corp,(718) 335-3693,Thu,10 AM - 11 AM,"86-7 35th Ave, Jackson Heights, NY 11372",40.752378,-73.88028
The Salvation Army Queens Temple Corp,(718) 335-3693,M-F,11:30 AM - 1 PM,"86-7 35th Ave, Jackson Heights, NY 11372",40.752378,-73.88028
Bethany Pantry,(917) 533-1679,Sat,9 AM - 10 AM,"48-8 91st Pl, Elmhurst, NY 11373",40.741423,-73.873063
Evangelical Church Christ Is The Light,(718) 592-2701,Fri,9 AM - 11 AM,"89-16 48th Ave, Elmhurst, NY 11373",40.741133,-73.874886
Ministerio La Luz De La Esperanza Para Las Naciones De Jesucris,(631) 336-0572,Thu,5 PM - 7 PM,"79-1 Broadway, Elmhurst, NY 11373",40.744594,-73.886174
Zero Hunger Campaign (Ccso),(332) 228-8584,"Wed, Fri",1 PM - 3 PM,"93-15 Corona Ave, Elmhurst, NY 11373",40.742611,-73.871398
Forest Hills Seniors Center,(929) 349-9740,Thu,8:30 AM - 10:30 AM,"108-25 62nd Dr, Forest Hills, NY 11375",40.736169,-73.850151
Esther Grunblatt-Central Queens Y,(718) 704-8160,"M, W/Tu, Th/Fri",9A-2P&3:30-6:30P/9A-2P/9A-12,"67-9 108th St, Forest Hills, NY 11375",40.728684,-73.847203
Masbia Of Queens,(718) 534-7321,Sun-Thu,12 PM - 9 PM,"105 E 64th St, New York, NY 10065",40.766014,-73.967129
Queens Jewish Community Council,(718) 544-9033,M-Thu,11 AM - 2 PM,"119-45 Union Turnpike, Forest Hills, NY 11375",40.714007,-73.832334
Masbia Of Queens,(718) 534-7321,Sun-Thu,3 PM - 9 PM,"105 E 64th St, New York, NY 10065",40.766014,-73.967129
Bvm/St. Mary'S Church Winfield,(718) 672-4848,Thu,9:30 AM - 12 PM,"70-31 48th Ave, Woodside, NY 11377",40.738478,-73.892793
Corpus Christi Food Pantry,(718) 721-2774,Wed,9 AM - 10:30 AM,"31-30 61st St, Woodside, NY 11377",40.756493,-73.901849
Saint Teresa Church - Saint Vincent Depaul Society,(718) 784-2123,Tue,4 PM - 5:30 PM,"50-20 45th St, Woodside, NY 11377",40.737009,-73.921041
Aids Center Of Queens County,(718) 472-9400,Tue,8 AM - 10 AM,"62-7 Woodside Ave, Woodside, NY 11377",40.744659,-73.902187
Yeshua Worldwide Ministries Food Pantry,(347) 507-1689,"Thu, Sat",10 AM - 1 PM,"79-11 Caldwell Ave, Middle Village, NY 11379",40.725686,-73.880254
Agape Christian Center,(718) 635-0674,Sat,10 AM - 11:30 AM,"59-2 Summerfield St, Ridgewood, NY 11385",40.699281,-73.897807
Community Alliance Initiative,(718) 305-4888,Fri,10 AM - 12 PM,"60-85 Myrtle Ave, Ridgewood, NY 11385",40.700858,-73.895242
Mount Moriah Seventh Day Adventist Church Fp,(347) 217-4988,Sat,8:30 AM - 9:30 AM,"1834 Decatur St, Ridgewood, NY 11385",40.698174,-73.897633
The Legacy Center Community Development Corp,(718) 456-4852,Thu,9 AM - 12 PM,"71-2 Cypress Hills St, Ridgewood, NY 11385",40.701747,-73.892553
Woodbine,(646) 824-6064,"Mon, Wed",9:30 AM - 10 AM,"585 Woodward Ave, Ridgewood, NY 11385",40.706437,-73.9081
Rca Cambria Heights Community Church Fp,(718) 528-2138,Sat,9 AM - 11 AM,"116-12 220th St, Cambria Heights, NY 11411",40.696438,-73.739669
Moriah City Community Food Pantry,(718) 276-1908,Wed,3 PM - 5 PM,"206-14 Linden Blvd, Cambria Heights, NY 11411",40.696177,-73.74554
"First Church Of God In Christ, Inc.",(718) 712-4831,Wed,12 PM - 3 PM,"187-10 Baisley Blvd, Saint Albans, NY 11412",40.690313,-73.763011
Fresh Anointing International Charities (Faic),(917) 665-0240,Thu,11 AM - 2 PM,"182-10 Liberty Ave, Saint Albans, NY 11412",40.705474,-73.777146
Gospel Assembly - Queens,(718) 454-0192,Wed-Sat,10 AM - 12 PM,"109-14 Farmers Blvd, Saint Albans, NY 11412",40.703583,-73.766861
"In The Beginning Outreach, Inc",(516) 303-5202,Wed,12:30 PM - 2 PM,"189-10 Liberty Ave, Saint Albans, NY 11412",40.703314,-73.767369
Majority Community Outreach,(718) 528-6690,Thu,9 AM - 11 AM,"115-31 Farmers Blvd, Saint Albans, NY 11412",40.695068,-73.76155
Second Chance Agape Worship Center,(917) 416-3697,Thu,12 PM - 2 PM,"200-12 Hollis Ave, Saint Albans, NY 11412",40.706051,-73.757181
St. Albans Baptist Church,(718) 723-8005,Sat,10 AM - 12 PM,"196-20 119th Ave, Saint Albans, NY 11412",40.690833,-73.75392
We Care Pantry,(718) 774-7041,Sat,10 AM - 12 PM,"201-14 Hollis Ave, Saint Albans, NY 11412",40.706165,-73.755992
Worship Christian Center Inc,(631) 482-0758,"Fri, Sat",10 AM - 1 PM,"113-16 Farmers Blvd, Saint Albans, NY 11412",40.699058,-73.763003
"Holy Temple Church, Inc",(718) 276-2900,Sat,11 AM - 12 PM,"136-25 Springfield Blvd, Springfield Gardens, NY 11413",40.67711,-73.755087
Jamaica Queens Wesleyan Church Pantry,(718) 712-0335,Sat,12 PM - 1:30 PM,"134-49 228th St, Laurelton, NY 11413",40.675312,-73.742797
Lebanon Seventh Day Adventist Church,(718) 525-4630,Thu,5 PM - 7 PM,"131-72 223rd St, Laurelton, NY 11413",40.679852,-73.74575
Linden Seventh Day Adventist Church Community Services,(718) 527-4072,Sun,10 AM - 12 PM,"228-20 137th Ave, Springfield Gardens, NY 11413",40.673141,-73.743828
One Way Church Of Christ,(718) 525-4260,Sat,10 AM - 1 PM,"216-11 Merrick Blvd, Laurelton, NY 11413",40.680178,-73.752325
Vfw #5298,(516) 582-5426,Wed,2 PM - 5 PM,"143-17 Springfield Blvd, Springfield Gardens, NY 11413",40.668092,-73.756658
Our Lady Of Grace Ministry,(718) 845-6635,Tue,10:30 AM - 12 PM,"158-10 101st St, Howard Beach, NY 11414",40.660987,-73.832889
Project L.E.A.D.,(718) 495-6210,Sun,7:30 AM - 9:30 AM,"85-12 126th St, Kew Gardens, NY 11415",40.704003,-73.825513
The Ozone Park Pantry,(646) 851-0885,Sat,10:30 AM - 1 PM,"83-10 Rockaway Blvd, Ozone Park, NY 11416",40.683697,-73.857165
Muna Social Service Baitun Noor Masjid,(212) 920-6202,Thu,4 PM - 5 PM,"88-19 Liberty Ave, Ozone Park, NY 11417",40.680095,-73.849923
Zion Tabernacle F.B.H. Church,(718) 717-9993,Tue,1 PM - 3 PM,"105-1 107th Ave, Ozone Park, NY 11417",40.681158,-73.835274
Evangelical Free Church Of America - Community Bible,(917) 387-6513,Sat,8 AM - 11 AM,"102-16 89th Ave, Richmond Hill, NY 11418",40.693218,-73.843565
Holy Child Jesus Food Pantry,(718) 847-1860,"Mon, Thu",10 AM - 12 PM,"112-6 86th Ave, Richmond Hill, NY 11418",40.698882,-73.836867
River Fund,(718) 442-1125,"Wed, Sat",9 AM - 11:30 AM,"89-11 Lefferts Blvd, Richmond Hill, NY 11418",40.696942,-73.829206
Calvary'S Mission,NONE PROVIDED,Fri,3:30 PM - 6:30 PM,"97-25 Lefferts Blvd, South Richmond Hill, NY 11419",40.690535,-73.82605
Faith Assembly Community Outreach,(718) 849-5277,Sat,10 AM - 12 PM,"120-13 101st Ave, South Richmond Hill, NY 11419",40.690511,-73.824531
Deliverance Temple Church Of Jesus Christ,(718) 529-1993,Tue,5:30 PM - 6:30 PM,"134-10 Rockaway Blvd, South Ozone Park, NY 11420",40.674453,-73.804107
Leviticus Church,(718) 322-1095,Wed/Sat,1-2PM/12-1PM,"114-12 Van Wyck Expy, South Ozone Park, NY 11420",40.682376,-73.806131
St. Teresa Of Avila Community Services,(718) 529-3587,"Mon, Thu",9 AM - 10:30 AM,"129-4 109th Ave, South Ozone Park, NY 11420",40.684808,-73.8138
St. Peters - Yvonne Gittens Food,(718) 360-7650,Sat,11 PM - 1 PM,"137-28 244th St, Rosedale, NY 11422",40.667755,-73.733338
Taurus Associates Inc.,(718) 526-2177,Wed,3 PM - 5 PM,"240-8 135th Ave, Rosedale, NY 11422",40.671984,-73.734324
Beraca Seventh Day Adventist Church,(718) 740-1916,Wed,9:30 AM - 12 PM,"91-19 191st St, Hollis, NY 11423",40.71203,-73.768177
Hollis Community Christian Center,(347) 626-7996,Sat,10 AM - 12 PM,"191-22 Jamaica Ave, Hollis, NY 11423",40.712733,-73.767896
Jesus Is The Answer - J.I.T.A. Community Outreach,(718) 908-6303,Tue,12 PM - 1 PM,"205-11 Jamaica Ave, Hollis, NY 11423",40.713894,-73.754631
Muna Social Service Masjid Ar-Rayyan,(212) 920-6202,Wed,2 PM - 3 PM,"196-43 Foothill Ave, Hollis, NY 11423",40.718759,-73.766692
Mount Sinai Seventh Day Adventist Church,(718) 465-1784,Wed,5 PM - 7 PM,"217 E 93rd St, Brooklyn, NY 11212",40.660268,-73.924306
Resilience Usa Foundation Inc,(347) 840-4966,Wed,2 PM - 3 PM,"221-61 92nd Ave, Queens Village, NY 11428",40.726583,-73.735786
Divine Food Pantry,(516) 415-1192,Fri,4 PM - 6:30 PM,"215-31 99th Ave, Queens Village, NY 11429",40.714771,-73.742948
Hollis Avenue Congregational Church,(718) 468-1498,Tue,8 AM - 11 AM,"211-4 Hollis Ave, Queens Village, NY 11429",40.708886,-73.746346
Hope Restoration Ministries,(516) 689-7022,Sat,2 PM - 4 PM,"101-1 Springfield Blvd, Queens Village, NY 11429",40.71422,-73.735423
Masjid Ar Rahman Food Pantry,(718) 740-5025,Fri,2:30 PM - 4 PM,"98-10 211th St, Queens Village, NY 11429",40.714142,-73.749161
Queensboro Temple Seventh Day Adventist Church,(718) 776-8538,Wed,1 PM - 4 PM,"96-40 222nd St, Queens Village, NY 11429",40.718074,-73.731833
"Vets Inc, Hollis Gardens",(646) 261-1973,Thu,3 PM - 5 PM,"202-14 Hollis Ave, Saint Albans, NY 11412",40.70631,-73.754997
All My Children,(718) 825-2566,Tue,11 AM - 1 PM,"175-44 Mayfield Rd, Jamaica, NY 11432",40.716811,-73.78941
First Presbyterian Church Of Jamaica,(718) 526-4775,Tue/Sat,10AM-12PM/9-11AM,"89-60 164th St, Jamaica, NY 11432",40.705901,-73.796373
First United Methodist Church Of Jamaica,(718) 739-2269,Mon,8:30 AM - 9:30 AM,"162-10 Highland Ave, Jamaica, NY 11432",40.709765,-73.800761
Jamaica Hispanic Seventh Day Adventist Church,(718) 736-5291,Sun,8 AM - 9 AM,"88-28 161st St, Jamaica, NY 11432",40.707358,-73.800779
Jamaica Seventh Day Adventist Church,(718) 658-9784,Sun,9:30 AM - 11:30 AM,"88-28 163rd St, Jamaica, NY 11432",40.707891,-73.798959
St. Nicholas Of Tolentine Church- F.P.,(718) 969-3226,Thu,9 AM - 12 PM,"150-75 Goethals Ave, Jamaica, NY 11432",40.718425,-73.809608
Tabernacle Of Prayer,(718) 657-4210,Wed,10 AM - 11:30 AM,"90-7 Merrick Blvd, Jamaica, NY 11432",40.706839,-73.7945
The Salvation Army Jamaica Citadel Corps,(718) 297-4860,"Tue, Thu",10 AM - 12 PM,"90-23 161st St, Jamaica, NY 11432",40.704834,-73.798916
Masjid Omar Abdel Aziz,(718) 541-8485,Wed,2 PM - 4 PM,"88-29 161st St, Jamaica, NY 11432",40.707458,-73.800471
Aids Center Of Queens County,(718) 896-2500,Thu,8:30 AM - 9:30 AM,"161-21 Jamaica Ave, Jamaica, NY 11432",40.704402,-73.797906
First Presbyterian Church Of Jamaica,(718) 526-4775,Wed,5:30 PM - 6:30 PM,"89-60 164th St, Jamaica, NY 11432",40.705901,-73.796373
The Salvation Army Jamaica Citadel Corps,(718) 297-4860,Mon-Wed,12 PM - 1 PM,"90-23 161st St, Jamaica, NY 11432",40.704834,-73.798916
Allen Outreach Ministry Feeding Program,(718) 526-3510,Mon/Thu,3-5PM/11AM-1PM,"110-31 Merrick Blvd, Jamaica, NY 11433",40.694914,-73.781492
Bethany Baptist Church Of Jamaica,(718) 659-6099,"Tue, Wed",11 AM - 2 PM,"157-11 111th Ave, Jamaica, NY 11433",40.690317,-73.791665
Bethel Gospel Tabernacle Church,(718) 291-2676,Wed,9:30 AM - 11 AM,"110-25 Guy R Brewer Blvd, Jamaica, NY 11433",40.692761,-73.788267
Community Church Of Christ Food Pantry,(718) 523-2612,Wed,1 PM - 3 PM,"167-4 108th Ave, Jamaica, NY 11433",40.697979,-73.787577
Macedonia Ame Church,(718) 353-5870,Mon/Tue,12 PM - 2 PM,"106-16 Guy R Brewer Blvd, Jamaica, NY 11433",40.699326,-73.793446
"The Harding Ford Vision, Inc",(347) 661-7382,Wed/Sat,10AM-12PM/2-4PM,"157-22 Tuskegee Airmen Way, Jamaica, NY 11433",40.69823,-73.797112
Bethel Gospel Tabernacle Church,(718) 291-2676,"Tue, Fri",12 PM - 2 PM,"110-25 Guy R Brewer Blvd, Jamaica, NY 11433",40.692761,-73.788267
Macedonia Ame Church,(718) 353-5870,Tue,9 AM - 11 AM,"106-16 Guy R Brewer Blvd, Jamaica, NY 11433",40.699326,-73.793446
Christ Church International Joseph'S House,(718) 276-2799,Sat,10 AM - 12 PM,"122-20 Merrill St, Jamaica, NY 11434",40.68282,-73.7698
Maranatha French Seventh Day Adventist Church,(718) 297-8797,Sun,10 AM - 12 PM,"173-4 Linden Blvd, Jamaica, NY 11434",40.692004,-73.777007
Ministry Tools Inc,(718) 529-0005,Thu,4 PM - 6 PM,"170-10 140th Ave, Jamaica, NY 11434",40.670886,-73.769648
More Than Conquerors Global Ministries Inc,(718) 528-3334,Sat,2 PM - 4 PM,"153-56 Rockaway Blvd, Jamaica, NY 11434",40.669183,-73.7825
National Sorority Of Phi Delta Kappa,(718) 723-1119,Thu,11 AM - 1 PM,"117-8 Merrick Blvd, Jamaica, NY 11434",40.686702,-73.774696
Singh Family Charity Inc,(718) 480-6700,Sat,8 AM - 10 AM,"121-13 Sutphin Blvd, Jamaica, NY 11434",40.676953,-73.790636
True Divinity Outreach Food Pantry,(718) 322-3065,"Tue, Thu",10 AM - 2 PM,"115-27 Sutphin Blvd, Jamaica, NY 11434",40.684113,-73.792421
Blanche Memorial Church,(718) 658-2458,Tue,9 AM - 10 AM,"109-74 Sutphin Blvd, Jamaica, NY 11435",40.690065,-73.797055
"Christ Apostolic Church Of America, Inc",(718) 658-8981,Sat,9 AM - 1 PM,"108-2 Sutphin Blvd, Jamaica, NY 11435",40.692895,-73.799471
Icna Relief Usa,(718) 658-7028,Thu,11 AM - 1 PM,"87-91 144th St, Jamaica, NY 11435",40.704514,-73.811672
Morris Brown Helping Hand Food Program,(718) 322-7596,Wed,10 AM - 12 PM,"145-3 Rockaway Blvd, Jamaica, NY 11436",40.673804,-73.793415
South Ozone Park Seventh Day Adventist Church,(718) 322-9210,Wed,12 PM - 2 PM,"120-12 140th St, Jamaica, NY 11436",40.675624,-73.801106
Union United Food Pantry,(718) 529-3691,Fri,12 PM - 3 PM,"126-22 150th St, Jamaica, NY 11436",40.672376,-73.788664
Muna Social Service South Jamaica,(212) 920-6202,Wed,4 PM - 5 PM,", Queens, NY 11453",40.691492,-73.805689
First Presbyterian Russell Sage Memorial Church Of Far Rocka,(718) 327-2440,Sat,9 AM - 10:30 AM,"896 Central Ave, Far Rockaway, NY 11691",40.609109,-73.746841
J.U.S.T.I.C.E. Organization/Jesus Is Justice Mission Inc.,(718) 772-7951,Wed,12 PM - 2 PM,"223 Beach 28th St, Far Rockaway, NY 11691",40.595222,-73.761032
Solid Rock Seventh Day Adventist Church,(718) 474-9306,Wed,2:30 PM - 5:30 PM,"52-5 Rockaway Beach Blvd, Far Rockaway, NY 11691",40.592761,-73.782856
St. Mary Star Of The Sea,(718) 327-1133,"Tue, Fri/",1-3PM/1-3:30PM,"19-20 New Haven Ave, Far Rockaway, NY 11691",40.600689,-73.75263
United Methodist Center In Far Rockaway,(718) 327-5071,"Tue, Thu",9:30-11AM&1-4PM,"1032 Beach 19th St, Far Rockaway, NY 11691",40.60314,-73.751808
Aids Center Of Queens County (Acqc),(718) 868-8645,Fri,9:30 AM - 10:30 AM,"Central Ave, Brooklyn, NY 11207",40.687676,-73.906862
Jewish Community Council Of The Rockaway Peninsula,(718) 327-7755,"Tue, Thu",9:30 AM - 1:30 PM,"15-25 Central Ave, Far Rockaway, NY 11691",40.605287,-73.751659
United Methodist Center In Far Rockaway,(718) 327-5071,Mon-Fri,12-1PM&4:30-5:30PM,"1032 Beach 19th St, Far Rockaway, NY 11691",40.60314,-73.751808
Bethel Ame Church/Bethel Arverne Comm.,(516) 503-9715,Thu,11 AM - 1 PM,"215 Beach 77th St, Arverne, NY 11692",40.588432,-73.804471
First United Christian Church,NONE PROVIDED,Tue/Sun,10A-1P/1:30-3:30PM,"109 Victory Blvd, Staten Island, NY 10301",40.637659,-74.080221
Skylight Center,(718) 720-2585,Tue,2 PM - 3 PM,"307 St Marks Pl, Staten Island, NY 10301",40.642573,-74.078285
Community Health Action Of Staten Island,(718) 808-1477,"Tu, Sat/W/F",10A-2P/2-6P/12-4P,"2134 Richmond Ter, Staten Island, NY 10302",40.640214,-74.134309
Reach Out And Touch Food Pantry,(718) 442-5007,Sat/Sat,12-1PM/11AM-1PM,"51 Cottage Pl, Staten Island, NY 10302",40.635894,-74.130502
Christ Abundant Life Ministries,(718) 273-0372,Thu,5:30 PM - 6:30 PM,"121 Grandview Ave, Staten Island, NY 10303",40.63646,-74.164951
Christian Pentecostal Church,(718) 273-5850,Tue,1 PM - 4 PM,"900 Richmond Rd, Staten Island, NY 10304",40.604892,-74.092353
Feeding With Tlc Inc,(718) 447-0526,Sat,10:30 AM - 12:30 PM,"309 St Pauls Ave, Staten Island, NY 10304",40.630304,-74.08118
Mas Staten Island Center Food Pantry,(800) 668-0742,Fri,3 PM - 6 PM,"180 Burgher Ave, Staten Island, NY 10304",40.59242,-74.091577
Our Lady Of Good Counsel Church (Staten Island),(718) 447-1503,Sat,9:30 AM - 11 AM,"42 Austin Pl, Staten Island, NY 10304",40.631313,-74.086033
"Project Hospitality, Inc.",(718) 815-0800,"Tue, Thu",9 AM - 11 AM,"205 Canal St, Staten Island, NY 10304",40.625201,-74.079671
Stapleton U.A.M.E. Church,(718) 273-2857,"Tue, Fri",10 AM - 1 PM,"49 Tompkins Ave, Staten Island, NY 10304",40.623363,-74.078756
The Salvation Army Stapleton Corps,(718) 448-8480,Tue-Thu,12 PM - 1:30 PM,"15 Broad St, Staten Island, NY 10304",40.625398,-74.075445
"United Church Of Praise International Ministries, Inc",(718) 314-8779,"Fri, Sun",1 PM - 3 PM,"487 Vanderbilt Ave, Staten Island, NY 10304",40.614536,-74.08575
City Harvest - Stapleton Mobile Market,(646) 412-0740,"Tue, Sat",9:30 AM - 11:30 AM,"75 Hill St, Staten Island, NY 10304",40.622139,-74.080623
Feeding With Tlc Inc Soup Kitchen,(718) 447-0526,Sat,10:30 AM - 12:30 PM,"175 Beach St, Staten Island, NY 10304",40.62963,-74.081214
"Project Hospitality, Inc.",(718) 815-0800,"Tue, Thu",11:30 AM - 1 PM,"211 Canal St, Staten Island, NY 10304",40.625096,-74.07981
Stapleton U.A.M.E. Church,(718) 273-2857,Wed,12 PM - 1 PM,"49 Tompkins Ave, Staten Island, NY 10304",40.623363,-74.078756
The Salvation Army Stapleton Corps,(718) 448-8480,"Mon, Fri",11:30 AM - 1 PM,"15 Broad St, Staten Island, NY 10304",40.625398,-74.075445
Health Essential Association Inc,(607) 689-6618,Tue,10:30 AM - 11:30 AM,"322 New Dorp Ln, Staten Island, NY 10306",40.571485,-74.111892
St. Edward Food Pantry,(718) 984-1625,Fri,10 AM - 1 PM,"6581 Hylan Blvd, Staten Island, NY 10309",40.511892,-74.222443
Mesivtha Of Staten Island,(718) 356-5412,Wed,11 AM - 12 PM,"1870 Drumgoole Rd E, Staten Island, NY 10309",40.527652,-74.214453
Bait-Ul Jamaat-House Community Inc,(347) 289-7991,Thu,12 PM - 2 PM,"332 Broadway, Staten Island, NY 10310",40.633096,-74.117033
Calvary Assembly Of God,(718) 356-4555,Thu,9 AM - 12 PM,"4055 Richmond Ave, Staten Island, NY 10312",40.539694,-74.16054
Jewish Community Center Of Staten Island,(718) 475-5242,M-W/Thu/Fri,9A-5P/9A-6:30P/9A-3P,"1466 Manor Rd, Staten Island, NY 10314",40.594743,-74.126204
